AnchorsRate,Order,NumSampling,K,Seed,Method,F_MadeStyle,ACC,NMI,Purity,Fscore,Runtime
10,2,2,5,0,1,1,0.556420233463035,0.652223730435695,0.579210672595887,0.472193389693048,1.5749155
10,2,2,5,0,1,2,0.556420233463035,0.664712308421799,0.579210672595887,0.485064593840211,1.5749155
10,2,2,5,0,2,1,0.565869927737632,0.675362236169948,0.602001111728738,0.478289348171701,1.5359921
10,2,2,5,0,2,2,0.632017787659811,0.69189273652824,0.666481378543635,0.528821181487867,1.5359921
10,2,2,5,0,3,1,0.549193996664814,0.663170307298029,0.596998332406893,0.472088007039547,1.6332857
10,2,2,5,0,3,2,0.533629794330183,0.634479988370582,0.565869927737632,0.43220926241346,1.6332857
10,2,2,5,0,4,1,0.56142301278488,0.675335046908259,0.597554196775987,0.50839587420548,1.6714505
10,2,2,5,0,4,2,0.56142301278488,0.675335046908259,0.597554196775987,0.50839587420548,1.6714505
10,2,2,5,2,1,1,0.530850472484714,0.66483017147058,0.596998332406893,0.481338990020049,1.514959
10,2,2,5,2,1,2,0.56976097832129,0.666301733681874,0.598110061145081,0.485264586160109,1.514959
10,2,2,5,2,2,1,0.570316842690384,0.705780733938112,0.605892162312396,0.52572988720085,1.7784699
10,2,2,5,2,2,2,0.56976097832129,0.700935818331227,0.605892162312396,0.516936820113825,1.7784699
10,2,2,5,2,3,1,0.531962201222902,0.647394388652318,0.565869927737632,0.456454729959063,2.1767355
10,2,2,5,2,3,2,0.563090605892162,0.655369995145371,0.565869927737632,0.46492282030985,2.1767355
10,2,2,5,2,4,1,0.561978877153974,0.652433776154193,0.599221789883268,0.49203612280087,2.0013587
10,2,2,5,2,4,2,0.589772095608671,0.666171299504831,0.62479155086159,0.49645068720737,2.0013587
10,2,2,5,4,1,1,0.564758198999444,0.667731510671972,0.60088938299055,0.489773004474415,1.6134663
10,2,2,5,4,1,2,0.563646470261256,0.674617293504256,0.60366870483602,0.507182075899209,1.6134663
10,2,2,5,4,2,1,0.523624235686493,0.642244999925559,0.559199555308505,0.424011067686654,1.9790353
10,2,2,5,4,2,2,0.56698165647582,0.696525108656717,0.60644802668149,0.51685612189156,1.9790353
10,2,2,5,4,3,1,0.521956642579211,0.665847989577363,0.557531962201223,0.470078693814244,1.7232058
10,2,2,5,4,3,2,0.521956642579211,0.665847989577363,0.557531962201223,0.470078693814244,1.7232058
10,2,2,5,4,4,1,0.596442468037799,0.642024589738057,0.599221789883268,0.474602313810557,1.6191526
10,2,2,5,4,4,2,0.593107281823235,0.642381722909354,0.595886603668705,0.47759333980285,1.6191526
10,2,2,5,6,1,1,0.505280711506392,0.638272560377451,0.573652028904947,0.462038203346127,1.9244076
10,2,2,5,6,1,2,0.504724847137298,0.611733554834385,0.52751528627015,0.432985127478754,1.9244076
10,2,2,5,6,2,1,0.552529182879377,0.685855887651541,0.590883824346859,0.496333124453412,1.7301671
10,2,2,5,6,2,2,0.564758198999444,0.683316207984809,0.578654808226793,0.497306469302027,1.7301671
10,2,2,5,6,3,1,0.513062812673708,0.653709473216753,0.553640911617565,0.461018939950081,1.6846986
10,2,2,5,6,3,2,0.55141745414119,0.663065205050259,0.570872707059477,0.469906822685599,1.6846986
10,2,2,5,6,4,1,0.546970539188438,0.659872064787751,0.583657587548638,0.485409238013199,1.6890054
10,2,2,5,6,4,2,0.595886603668705,0.682618685036933,0.632573652028905,0.507670412854213,1.6890054
10,2,2,5,8,1,1,0.559199555308505,0.661908392200958,0.594219010561423,0.481759269538188,1.8449353
10,2,2,5,8,1,2,0.538076709282935,0.632194921296888,0.570316842690384,0.456385079060016,1.8449353
10,2,2,5,8,2,1,0.562534741523068,0.651164427537652,0.574763757643135,0.445908921636431,1.5328718
10,2,2,5,8,2,2,0.545302946081156,0.655423847920098,0.557531962201223,0.457494132416353,1.5328718
10,2,2,5,8,3,1,0.600333518621456,0.687796202672291,0.602001111728738,0.501515943172569,1.7095365
10,2,2,5,8,3,2,0.600333518621456,0.687796202672291,0.602001111728738,0.501515943172569,1.7095365
10,2,2,5,8,4,1,0.561978877153974,0.658846564749375,0.599221789883268,0.488359582494544,1.4767772
10,2,2,5,8,4,2,0.590883824346859,0.658483647606934,0.626459143968872,0.486426715692041,1.4767772
10,2,2,5,10,1,1,0.494163424124514,0.624716056968975,0.571428571428571,0.457075463971564,1.8138451
10,2,2,5,10,1,2,0.519733185102835,0.621514853541673,0.56420233463035,0.443619608345066,1.8138451
10,2,2,5,10,2,1,0.593663146192329,0.67169937325312,0.594219010561423,0.47282751555265,1.6797375
10,2,2,5,10,2,2,0.586992773763202,0.671520993453345,0.589216231239578,0.474705234808255,1.6797375
10,2,2,5,10,3,1,0.518621456364647,0.693266263026779,0.588660366870484,0.509344237467818,1.548946
10,2,2,5,10,3,2,0.605336297943302,0.727183135315517,0.641467481934408,0.551056021051174,1.548946
10,2,2,5,10,4,1,0.594774874930517,0.664135378382889,0.599777654252362,0.49292475396997,1.5084029
10,2,2,5,10,4,2,0.615897720956087,0.672867889471892,0.620900500277932,0.503523999774914,1.5084029
10,2,2,7,0,1,1,0.541967759866593,0.622540975933272,0.577543079488605,0.442780748663102,1.9060842
10,2,2,7,0,1,2,0.572540300166759,0.624449615976459,0.578654808226793,0.456088330006563,1.9060842
10,2,2,7,0,2,1,0.563646470261256,0.656243103172504,0.602001111728738,0.458975536592338,1.4886567
10,2,2,7,0,2,2,0.533629794330183,0.648642167182106,0.571984435797665,0.455071675269536,1.4886567
10,2,2,7,0,3,1,0.563646470261256,0.690901918422021,0.60088938299055,0.510877742623643,1.8019088
10,2,2,7,0,3,2,0.560311284046693,0.693599479851516,0.604780433574208,0.513819567804356,1.8019088
10,2,2,7,0,4,1,0.559199555308505,0.65970660153481,0.594219010561423,0.496593861685528,1.6158028
10,2,2,7,0,4,2,0.593663146192329,0.653194414564678,0.594774874930517,0.486273843288471,1.6158028
10,2,2,7,2,1,1,0.50917176209005,0.645075437523695,0.580322401334075,0.459172133001583,1.7386605
10,2,2,7,2,1,2,0.505280711506392,0.636406941731133,0.555308504724847,0.470324570886176,1.7386605
10,2,2,7,2,2,1,0.590327959977765,0.696518478570361,0.627570872707059,0.522697795071336,1.7083845
10,2,2,7,2,2,2,0.571428571428571,0.71777134246877,0.640911617565314,0.547344409641836,1.7083845
10,2,2,7,2,3,1,0.554196775986659,0.673541562865446,0.599221789883268,0.49757615697532,1.9417168
10,2,2,7,2,3,2,0.559199555308505,0.677923068799342,0.597554196775987,0.502455020212711,1.9417168
10,2,2,7,2,4,1,0.54307948860478,0.653253884788475,0.577543079488605,0.485137848293423,1.9668158
10,2,2,7,2,4,2,0.593107281823235,0.656197175061367,0.596442468037799,0.488744334844042,1.9668158
10,2,2,7,4,1,1,0.559755419677599,0.655756904698462,0.595886603668705,0.493510828034335,2.4204861
10,2,2,7,4,1,2,0.559755419677599,0.646134376927006,0.587548638132296,0.484297503758168,2.4204861
10,2,2,7,4,2,1,0.522512506948305,0.634692813923334,0.557531962201223,0.429225798276736,2.2475781
10,2,2,7,4,2,2,0.56698165647582,0.695321180926965,0.60644802668149,0.516113803301906,2.2475781
10,2,2,7,4,3,1,0.571984435797665,0.685462624918945,0.607559755419678,0.505759002558786,2.1984855
10,2,2,7,4,3,2,0.571984435797665,0.685462624918945,0.607559755419678,0.505759002558786,2.1984855
10,2,2,7,4,4,1,0.564758198999444,0.641188588544607,0.58532518065592,0.482012076050779,1.5979654
10,2,2,7,4,4,2,0.594774874930517,0.641407259521304,0.595886603668705,0.479250985028988,1.5979654
10,2,2,7,6,1,1,0.53029460811562,0.646296226939023,0.569205113952196,0.461226583470354,1.6967744
10,2,2,7,6,1,2,0.499722067815453,0.628758173942859,0.555864369093941,0.446089247768806,1.6967744
10,2,2,7,6,2,1,0.595886603668705,0.714465085616137,0.635352973874375,0.541811864812291,1.5213857
10,2,2,7,6,2,2,0.531962201222902,0.660669824948382,0.569205113952196,0.46822220121095,1.5213857
10,2,2,7,6,3,1,0.546414674819344,0.657597564396932,0.570872707059477,0.468107584039583,1.7297075
10,2,2,7,6,3,2,0.566425792106726,0.652441025279734,0.56976097832129,0.471624591538706,1.7297075
10,2,2,7,6,4,1,0.593663146192329,0.636798358918806,0.594774874930517,0.47460396617399,1.587915
10,2,2,7,6,4,2,0.617009449694275,0.656162399730886,0.618121178432463,0.494274438308442,1.587915
10,2,2,7,8,1,1,0.573652028904947,0.640352547690833,0.573652028904947,0.453395200664843,1.9926781
10,2,2,7,8,1,2,0.536964980544747,0.636985110971535,0.571428571428571,0.457654067117509,1.9926781
10,2,2,7,8,2,1,0.517509727626459,0.659464116116058,0.551973318510284,0.466229147673099,1.5066532
10,2,2,7,8,2,2,0.537520844913841,0.669517338455142,0.551973318510284,0.479338191280785,1.5066532
10,2,2,7,8,3,1,0.562534741523068,0.638137690821381,0.562534741523068,0.443750148899167,1.6193611
10,2,2,7,8,3,2,0.562534741523068,0.638137690821381,0.562534741523068,0.443750148899167,1.6193611
10,2,2,7,8,4,1,0.56142301278488,0.663949600350139,0.598110061145081,0.495827576678641,1.7282133
10,2,2,7,8,4,2,0.56142301278488,0.663949600350139,0.598110061145081,0.495827576678641,1.7282133
10,2,2,7,10,1,1,0.528627015008338,0.640922429126258,0.584769316286826,0.472380201775976,1.760364
10,2,2,7,10,1,2,0.491384102279044,0.613028290973238,0.565314063368538,0.452742335980378,1.760364
10,2,2,7,10,2,1,0.557531962201223,0.650789625068826,0.569205113952196,0.458861102657474,2.2629079
10,2,2,7,10,2,2,0.604780433574208,0.679672983908886,0.60644802668149,0.498265034592869,2.2629079
10,2,2,7,10,3,1,0.56420233463035,0.691028981073384,0.60088938299055,0.510011995618991,1.9848793
10,2,2,7,10,3,2,0.599221789883268,0.71066776736508,0.635908838243469,0.537927006893291,1.9848793
10,2,2,7,10,4,1,0.560311284046693,0.659734320505062,0.593107281823235,0.492778969702516,1.8210056
10,2,2,7,10,4,2,0.616453585325181,0.655625411503481,0.617565314063369,0.494613003095975,1.8210056
10,2,2,10,0,1,1,0.529738743746526,0.613510978308311,0.569205113952196,0.449035526670958,1.6559022
10,2,2,10,0,1,2,0.539744302390217,0.613246316627996,0.574763757643135,0.44773017407791,1.6559022
10,2,2,10,0,2,1,0.50639244024458,0.631312400090464,0.547526403557532,0.451249290274938,1.9124326
10,2,2,10,0,2,2,0.50639244024458,0.631312400090464,0.547526403557532,0.451249290274938,1.9124326
10,2,2,10,0,3,1,0.553640911617565,0.663934795186683,0.591995553085047,0.489431005577035,1.6508833
10,2,2,10,0,3,2,0.547526403557532,0.644746653811197,0.568093385214008,0.479438695345939,1.6508833
10,2,2,10,0,4,1,0.560867148415787,0.645520535399489,0.594774874930517,0.486445007483503,1.503474
10,2,2,10,0,4,2,0.563646470261256,0.638592618452814,0.579210672595887,0.486863835851879,1.503474
10,2,2,10,2,1,1,0.507504168982768,0.645298517538088,0.578654808226793,0.473783753293207,1.5860708
10,2,2,10,2,1,2,0.501389660922735,0.611918968346163,0.538632573652029,0.432221284511118,1.5860708
10,2,2,10,2,2,1,0.586436909394108,0.680858439889131,0.623679822123402,0.504639349586962,1.5710147
10,2,2,10,2,2,2,0.621456364647026,0.706330017476489,0.65869927737632,0.536317416347145,1.5710147
10,2,2,10,2,3,1,0.56142301278488,0.668104148329134,0.594774874930517,0.492381367000435,1.5663842
10,2,2,10,2,3,2,0.580322401334075,0.654092179227301,0.585881045025014,0.472879798553683,1.5663842
10,2,2,10,2,4,1,0.556976097832129,0.64588521745366,0.584769316286826,0.469441649489907,2.0366824
10,2,2,10,2,4,2,0.618677042801556,0.691198672468114,0.654252362423569,0.554988855152079,2.0366824
10,2,2,10,4,1,1,0.510839355197332,0.630100295905556,0.574763757643135,0.475302534180667,1.7954076
10,2,2,10,4,1,2,0.532518065591996,0.630984405588987,0.579766536964981,0.476751895403282,1.7954076
10,2,2,10,4,2,1,0.506948304613674,0.664181471475787,0.580322401334075,0.487870895603796,1.6436004
10,2,2,10,4,2,2,0.519177320733741,0.669543392144423,0.592551417454141,0.495523774716585,1.6436004
10,2,2,10,4,3,1,0.517509727626459,0.668089389091397,0.580878265703168,0.492830127621706,1.5704923
10,2,2,10,4,3,2,0.53029460811562,0.652948903679213,0.571428571428571,0.472226555593689,1.5704923
10,2,2,10,4,4,1,0.558087826570317,0.640949513227271,0.58254585881045,0.481304893350063,1.7741625
10,2,2,10,4,4,2,0.558087826570317,0.640949513227271,0.58254585881045,0.481304893350063,1.7741625
10,2,2,10,6,1,1,0.507504168982768,0.611103981719378,0.545302946081156,0.430483567019934,1.7337999
10,2,2,10,6,1,2,0.534741523068371,0.607267567704053,0.536409116175653,0.427780685366893,1.7337999
10,2,2,10,6,2,1,0.533073929961089,0.671827908136959,0.590883824346859,0.49758489955071,1.4826639
10,2,2,10,6,2,2,0.524180100055586,0.673065036451578,0.58254585881045,0.497783203321506,1.4826639
10,2,2,10,6,3,1,0.510283490828238,0.621449813536726,0.546414674819344,0.434016334237058,1.6915776
10,2,2,10,6,3,2,0.513062812673708,0.630727354325305,0.549193996664814,0.447391462338426,1.6915776
10,2,2,10,6,4,1,0.557531962201223,0.635651827776963,0.581989994441356,0.478784364083233,1.5470069
10,2,2,10,6,4,2,0.533073929961089,0.607799215569824,0.557531962201223,0.45042741212015,1.5470069
10,2,2,10,8,1,1,0.568093385214008,0.653368224846497,0.60088938299055,0.480278437893405,1.7417133
10,2,2,10,8,1,2,0.544191217342968,0.640479579316295,0.579210672595887,0.476475834020187,1.7417133
10,2,2,10,8,2,1,0.505280711506392,0.633983751393809,0.549193996664814,0.4485848926232,1.3916805
10,2,2,10,8,2,2,0.505280711506392,0.633983751393809,0.549193996664814,0.4485848926232,1.3916805
10,2,2,10,8,3,1,0.560311284046693,0.638964770697757,0.561978877153974,0.446602743686286,1.5343257
10,2,2,10,8,3,2,0.560867148415787,0.661596450574688,0.592551417454141,0.478600468153259,1.5343257
10,2,2,10,8,4,1,0.558643690939411,0.645980631513143,0.585881045025014,0.485250168707221,1.4764179
10,2,2,10,8,4,2,0.558643690939411,0.645980631513143,0.585881045025014,0.485250168707221,1.4764179
10,2,2,10,10,1,1,0.533073929961089,0.612946435966847,0.553640911617565,0.428638265359358,2.0837916
10,2,2,10,10,1,2,0.47526403557532,0.599068454441914,0.535297387437465,0.416174529285069,2.0837916
10,2,2,10,10,2,1,0.563090605892162,0.637740525118679,0.563646470261256,0.439522415683434,1.6084271
10,2,2,10,10,2,2,0.598110061145081,0.669632243782716,0.598665925514175,0.489331233505819,1.6084271
10,2,2,10,10,3,1,0.514730405780989,0.669722267511779,0.583101723179544,0.488193565241856,1.7249371
10,2,2,10,10,3,2,0.598665925514175,0.705137000418454,0.634797109505281,0.535228069441102,1.7249371
10,2,2,10,10,4,1,0.558643690939411,0.640962240330256,0.591439688715953,0.482072687323284,1.5160278
10,2,2,10,10,4,2,0.558643690939411,0.640962240330256,0.591439688715953,0.482072687323284,1.5160278
10,2,2,15,0,1,1,0.535297387437465,0.602713680297889,0.565869927737632,0.4430304999703,1.729926
10,2,2,15,0,1,2,0.535297387437465,0.602713680297889,0.565869927737632,0.4430304999703,1.729926
10,2,2,15,0,2,1,0.51195108393552,0.647336226276529,0.571984435797665,0.476840193826058,1.7260621
10,2,2,15,0,2,2,0.554752640355753,0.664841610678,0.593663146192329,0.495536989680377,1.7260621
10,2,2,15,0,3,1,0.558643690939411,0.65417649286019,0.598665925514175,0.486495529236641,2.1211208
10,2,2,15,0,3,2,0.564758198999444,0.627936805639681,0.564758198999444,0.448790860986104,2.1211208
10,2,2,15,0,4,1,0.554752640355753,0.628487197102817,0.581989994441356,0.473678571305132,1.5032549
10,2,2,15,0,4,2,0.501389660922735,0.591372047168008,0.531406336853808,0.448582743293798,1.5032549
10,2,2,15,2,1,1,0.508615897720956,0.631311250436542,0.568649249583102,0.465841019932146,1.6708227
10,2,2,15,2,1,2,0.507504168982768,0.610927006203151,0.546414674819344,0.453037157126794,1.6708227
10,2,2,15,2,2,1,0.571428571428571,0.655637744091681,0.608115619788771,0.483147909591287,1.7749499
10,2,2,15,2,2,2,0.571428571428571,0.656177764283999,0.608115619788771,0.484108805778008,1.7749499
10,2,2,15,2,3,1,0.553085047248471,0.62546407438143,0.558643690939411,0.447126096398454,1.7563275
10,2,2,15,2,3,2,0.553085047248471,0.617839927542385,0.558643690939411,0.443792683272408,1.7563275
10,2,2,15,2,4,1,0.556976097832129,0.630886219796706,0.591995553085047,0.475813721275327,1.5901636
10,2,2,15,2,4,2,0.577543079488605,0.646297246694517,0.612562534741523,0.491511299090285,1.5901636
10,2,2,15,4,1,1,0.538076709282935,0.614716051062918,0.573096164535853,0.462565547040043,1.5405363
10,2,2,15,4,1,2,0.551973318510284,0.628531454404462,0.598665925514175,0.476607915094502,1.5405363
10,2,2,15,4,2,1,0.519733185102835,0.617658659030672,0.554752640355753,0.449232544947191,1.5788793
10,2,2,15,4,2,2,0.542523624235686,0.647858834509673,0.577543079488605,0.488126850304715,1.5788793
10,2,2,15,4,3,1,0.503613118399111,0.630618779870167,0.574207893274041,0.458964766896338,1.539362
10,2,2,15,4,3,2,0.544191217342968,0.645183579200196,0.581989994441356,0.479027541204264,1.539362
10,2,2,15,4,4,1,0.520289049471929,0.604814174884471,0.560867148415787,0.450722097003089,2.1089919
10,2,2,15,4,4,2,0.510839355197332,0.598013345478053,0.556976097832129,0.45171722661956,2.1089919
10,2,2,15,6,1,1,0.546970539188438,0.644046576487948,0.584769316286826,0.479888890037668,1.7334671
10,2,2,15,6,1,2,0.483046136742635,0.588437923428599,0.541411895497499,0.437747728314504,1.7334671
10,2,2,15,6,2,1,0.494163424124514,0.629383085089,0.564758198999444,0.461722448629968,1.5311341
10,2,2,15,6,2,2,0.539188438021123,0.634529430230544,0.586436909394108,0.459001145553713,1.5311341
10,2,2,15,6,3,1,0.534185658699277,0.629730488724068,0.570872707059477,0.459665895656644,1.9221692
10,2,2,15,6,3,2,0.534185658699277,0.627385809518841,0.570872707059477,0.459234276864837,1.9221692
10,2,2,15,6,4,1,0.540300166759311,0.604918182334181,0.567537520844914,0.450521851905223,2.3550914
10,2,2,15,6,4,2,0.499722067815453,0.591605093575774,0.534185658699277,0.444395151812111,2.3550914
10,2,2,15,8,1,1,0.529182879377432,0.596125115423899,0.556420233463035,0.435413831985825,2.4836448
10,2,2,15,8,1,2,0.550861589772096,0.618972068995211,0.590327959977765,0.476528738925743,2.4836448
10,2,2,15,8,2,1,0.516397998888271,0.655895273736109,0.580322401334075,0.482781054968493,1.5005746
10,2,2,15,8,2,2,0.510283490828238,0.634962183435567,0.546970539188438,0.450950477420706,1.5005746
10,2,2,15,8,3,1,0.556976097832129,0.649713645366002,0.593663146192329,0.4841731700174,1.505306
10,2,2,15,8,3,2,0.556976097832129,0.649713645366002,0.593663146192329,0.4841731700174,1.505306
10,2,2,15,8,4,1,0.558643690939411,0.624902908778126,0.572540300166759,0.476624503530839,1.627082
10,2,2,15,8,4,2,0.510283490828238,0.583789419922808,0.523068371317399,0.449751909765501,1.627082
10,2,2,15,10,1,1,0.51195108393552,0.599054654490373,0.553640911617565,0.436104454764473,1.8810753
10,2,2,15,10,1,2,0.512506948304614,0.600591326448017,0.555864369093941,0.437960552728026,1.8810753
10,2,2,15,10,2,1,0.549193996664814,0.62182338954801,0.558643690939411,0.457962724436015,1.7496005
10,2,2,15,10,2,2,0.540300166759311,0.631564373442944,0.568093385214008,0.47345544969367,1.7496005
10,2,2,15,10,3,1,0.536409116175653,0.661261047647235,0.576431350750417,0.487398170047063,1.5241998
10,2,2,15,10,3,2,0.506948304613674,0.647946138070319,0.573096164535853,0.473118065839123,1.5241998
10,2,2,15,10,4,1,0.54585881045025,0.606072026762248,0.575875486381323,0.453292590180036,1.6962437
10,2,2,15,10,4,2,0.54585881045025,0.606072026762248,0.575875486381323,0.453292590180036,1.6962437
10,2,3,5,0,1,1,0.554752640355753,0.704677483748503,0.608115619788771,0.532447869352296,1.9645254
10,2,3,5,0,1,2,0.554752640355753,0.704677483748503,0.608115619788771,0.532447869352296,1.9645254
10,2,3,5,0,2,1,0.561978877153974,0.654725230154046,0.565314063368538,0.455196768890422,2.3239277
10,2,3,5,0,2,2,0.538076709282935,0.661272737805055,0.575319622012229,0.465502407615559,2.3239277
10,2,3,5,0,3,1,0.519733185102835,0.653475771025775,0.58810450250139,0.457432479432391,1.9990581
10,2,3,5,0,3,2,0.573096164535853,0.701440310364024,0.60644802668149,0.519496732804376,1.9990581
10,2,3,5,0,4,1,0.567537520844914,0.687389119654819,0.603112840466926,0.51228551723177,2.1556903
10,2,3,5,0,4,2,0.624235686492496,0.686639391871658,0.625903279599778,0.510603469593171,2.1556903
10,2,3,5,2,1,1,0.501945525291829,0.645684716408254,0.562534741523068,0.462572135726511,2.1634177
10,2,3,5,2,1,2,0.497498610339077,0.638584234301136,0.561978877153974,0.444414472796892,2.1634177
10,2,3,5,2,2,1,0.560867148415787,0.695979521120711,0.612006670372429,0.514517799352751,2.4282264
10,2,3,5,2,2,2,0.540300166759311,0.696052111308256,0.626459143968872,0.519584613321241,2.4282264
10,2,3,5,2,3,1,0.514174541411895,0.641555733396383,0.584769316286826,0.440989812563479,1.8072502
10,2,3,5,2,3,2,0.572540300166759,0.710314814748906,0.643690939410784,0.528570823932359,1.8072502
10,2,3,5,2,4,1,0.566425792106726,0.675250177093717,0.602001111728738,0.494950444381782,2.1016151
10,2,3,5,2,4,2,0.589216231239578,0.692865679886701,0.62479155086159,0.517743699452484,2.1016151
10,2,3,5,4,1,1,0.565314063368538,0.683556300559864,0.599221789883268,0.505305696249737,1.9801908
10,2,3,5,4,1,2,0.54307948860478,0.656571424728393,0.56698165647582,0.465994036474586,1.9801908
10,2,3,5,4,2,1,0.536409116175653,0.673173822026528,0.572540300166759,0.481528451896374,1.9674224
10,2,3,5,4,2,2,0.535853251806559,0.665399256071921,0.573096164535853,0.46505545236014,1.9674224
10,2,3,5,4,3,1,0.571984435797665,0.658593628083796,0.602556976097832,0.459074016673963,2.6196412
10,2,3,5,4,3,2,0.546414674819344,0.640633872690457,0.569205113952196,0.433771121327229,2.6196412
10,2,3,5,4,4,1,0.538076709282935,0.651336833090025,0.570872707059477,0.468643440564616,1.8717317
10,2,3,5,4,4,2,0.623679822123402,0.684387958024425,0.637020566981656,0.51139521584863,1.8717317
10,2,3,5,6,1,1,0.574207893274041,0.66052814766573,0.610339077265147,0.477335548967564,1.9934967
10,2,3,5,6,1,2,0.571984435797665,0.673952361332418,0.609783212896053,0.488147887588494,1.9934967
10,2,3,5,6,2,1,0.533073929961089,0.668022154353059,0.586436909394108,0.469675450728422,1.9325927
10,2,3,5,6,2,2,0.570872707059477,0.717728243456813,0.627570872707059,0.531786780383795,1.9325927
10,2,3,5,6,3,1,0.571984435797665,0.686855030966771,0.608671484157865,0.494216707290051,2.114368
10,2,3,5,6,3,2,0.571984435797665,0.700718833623702,0.64313507504169,0.528813604366473,2.114368
10,2,3,5,6,4,1,0.583101723179544,0.641604788325311,0.590883824346859,0.449740527026856,2.1762939
10,2,3,5,6,4,2,0.627570872707059,0.679672973606732,0.629238465814341,0.495125909813436,2.1762939
10,2,3,5,8,1,1,0.560867148415787,0.65946552128648,0.596998332406893,0.473316708229426,2.1003439
10,2,3,5,8,1,2,0.639799888827126,0.707234959473003,0.676486937187326,0.550155863663019,2.1003439
10,2,3,5,8,2,1,0.554196775986659,0.664697998490803,0.555864369093941,0.465002619437919,1.9417389
10,2,3,5,8,2,2,0.583101723179544,0.688216342029503,0.625347415230684,0.499234520108179,1.9417389
10,2,3,5,8,3,1,0.56698165647582,0.686814584392719,0.605336297943302,0.481626972831072,2.1813465
10,2,3,5,8,3,2,0.568093385214008,0.702738373527082,0.605892162312396,0.518073916552085,2.1813465
10,2,3,5,8,4,1,0.594219010561423,0.66613238560155,0.595330739299611,0.488621726062688,2.0736725
10,2,3,5,8,4,2,0.619788771539744,0.677878266645114,0.621456364647026,0.5053358705729,2.0736725
10,2,3,5,10,1,1,0.524180100055586,0.653585594617926,0.589772095608671,0.476462848089369,2.1575893
10,2,3,5,10,1,2,0.555308504724847,0.695120020707323,0.603112840466926,0.517449709614437,2.1575893
10,2,3,5,10,2,1,0.535853251806559,0.689925782917292,0.573096164535853,0.48742192344206,2.0868789
10,2,3,5,10,2,2,0.56976097832129,0.693915517144281,0.605892162312396,0.509695179266819,2.0868789
10,2,3,5,10,3,1,0.544191217342968,0.668691391254619,0.559755419677599,0.462719592329355,2.0658211
10,2,3,5,10,3,2,0.541967759866593,0.68839679570033,0.609227348526959,0.486217559969954,2.0658211
10,2,3,5,10,4,1,0.566425792106726,0.681764729310951,0.600333518621456,0.503429993726855,2.0184661
10,2,3,5,10,4,2,0.60088938299055,0.678101375395818,0.602556976097832,0.495076714863764,2.0184661
10,2,3,7,0,1,1,0.561978877153974,0.684671513098868,0.601445247359644,0.510542372059684,2.0220132
10,2,3,7,0,1,2,0.561978877153974,0.682727457166657,0.605892162312396,0.508513859811891,2.0220132
10,2,3,7,0,2,1,0.483046136742635,0.628169875089889,0.543635352973874,0.424171916910985,2.0935554
10,2,3,7,0,2,2,0.54307948860478,0.670148782298202,0.579210672595887,0.473963119730072,2.0935554
10,2,3,7,0,3,1,0.585881045025014,0.687670509072545,0.62201222901612,0.506835057476998,2.0119387
10,2,3,7,0,3,2,0.536409116175653,0.685160816261684,0.589216231239578,0.50098691822872,2.0119387
10,2,3,7,0,4,1,0.56420233463035,0.684505238456606,0.599221789883268,0.511521443751524,1.9343472
10,2,3,7,0,4,2,0.62201222901612,0.680148224900821,0.623123957754308,0.506075230412739,1.9343472
10,2,3,7,2,1,1,0.499722067815453,0.61330521036783,0.536964980544747,0.419483208901811,1.9901684
10,2,3,7,2,1,2,0.56698165647582,0.667729458015745,0.599777654252362,0.513054045934948,1.9901684
10,2,3,7,2,2,1,0.486381322957198,0.661730851043435,0.557531962201223,0.459298005963784,2.3254959
10,2,3,7,2,2,2,0.486381322957198,0.654993083089528,0.557531962201223,0.455848635419258,2.3254959
10,2,3,7,2,3,1,0.560867148415787,0.672228420036568,0.585881045025014,0.489934121193389,2.0906569
10,2,3,7,2,3,2,0.528627015008338,0.66989133840222,0.58810450250139,0.484986149206013,2.0906569
10,2,3,7,2,4,1,0.584213451917732,0.679123336226175,0.61923290717065,0.507192885386162,1.8694736
10,2,3,7,2,4,2,0.593107281823235,0.66222626051695,0.627570872707059,0.494270064947177,1.8694736
10,2,3,7,4,1,1,0.562534741523068,0.667710183006755,0.598110061145081,0.49442543962049,1.9533845
10,2,3,7,4,1,2,0.562534741523068,0.675626733340746,0.597554196775987,0.502558807839898,1.9533845
10,2,3,7,4,2,1,0.537520844913841,0.666147319964568,0.573096164535853,0.463234520914108,1.8477184
10,2,3,7,4,2,2,0.602001111728738,0.716777164898607,0.641467481934408,0.54471040813288,1.8477184
10,2,3,7,4,3,1,0.528071150639244,0.641938018841139,0.567537520844914,0.448262088225353,1.9534772
10,2,3,7,4,3,2,0.528071150639244,0.641938018841139,0.567537520844914,0.448262088225353,1.9534772
10,2,3,7,4,4,1,0.531962201222902,0.650983720820857,0.569205113952196,0.486596398323065,1.8495985
10,2,3,7,4,4,2,0.619788771539744,0.687712489644812,0.632017787659811,0.540015042201733,1.8495985
10,2,3,7,6,1,1,0.584213451917732,0.673027499940053,0.620344635908838,0.49431134317137,2.1384025
10,2,3,7,6,1,2,0.564758198999444,0.665995767932804,0.602001111728738,0.484577180135061,2.1384025
10,2,3,7,6,2,1,0.518065591995553,0.665304837755103,0.58532518065592,0.478890811896772,1.8537301
10,2,3,7,6,2,2,0.551973318510284,0.703962526703118,0.620900500277932,0.531903154944642,1.8537301
10,2,3,7,6,3,1,0.561978877153974,0.680126174803091,0.597554196775987,0.497652320316231,2.1457534
10,2,3,7,6,3,2,0.590883824346859,0.68120030384808,0.627570872707059,0.519284500987971,2.1457534
10,2,3,7,6,4,1,0.620900500277932,0.676763581051726,0.62201222901612,0.505892815088981,1.9005715
10,2,3,7,6,4,2,0.620900500277932,0.676763581051726,0.62201222901612,0.505892815088981,1.9005715
10,2,3,7,8,1,1,0.561978877153974,0.663918836836358,0.598665925514175,0.495685552184028,1.9627168
10,2,3,7,8,1,2,0.595330739299611,0.67534975122899,0.629238465814341,0.51695646812184,1.9627168
10,2,3,7,8,2,1,0.554752640355753,0.690759523063379,0.589772095608671,0.497062944422883,1.9599799
10,2,3,7,8,2,2,0.538076709282935,0.65215616145468,0.573096164535853,0.443346975182329,1.9599799
10,2,3,7,8,3,1,0.556976097832129,0.666702644096089,0.595886603668705,0.482336335261724,1.852189
10,2,3,7,8,3,2,0.54863813229572,0.671993827590253,0.595886603668705,0.493976732033334,1.852189
10,2,3,7,8,4,1,0.56142301278488,0.667642874832457,0.596998332406893,0.492353147987884,2.2071043
10,2,3,7,8,4,2,0.613674263479711,0.702109311326916,0.649249583101723,0.556591979330175,2.2071043
10,2,3,7,10,1,1,0.505836575875486,0.661033625166872,0.578098943857699,0.485012659242583,2.4224651
10,2,3,7,10,1,2,0.556420233463035,0.689791356027311,0.621456364647026,0.520195550262096,2.4224651
10,2,3,7,10,2,1,0.531962201222902,0.653357109292087,0.556420233463035,0.461274541822945,2.3377158
10,2,3,7,10,2,2,0.575319622012229,0.693879915636216,0.609227348526959,0.508341247883718,2.3377158
10,2,3,7,10,3,1,0.568649249583102,0.700988627645624,0.623123957754308,0.521821885216439,2.8360286
10,2,3,7,10,3,2,0.555864369093941,0.659801999872489,0.590327959977765,0.46654652942514,2.8360286
10,2,3,7,10,4,1,0.56420233463035,0.670130789179697,0.598665925514175,0.493332119458747,2.24851
10,2,3,7,10,4,2,0.619788771539744,0.68154737547007,0.633129516397999,0.508389975969791,2.24851
10,2,3,10,0,1,1,0.513618677042802,0.655784128078691,0.584769316286826,0.486581954228319,2.293573
10,2,3,10,0,1,2,0.513062812673708,0.66076713161328,0.584213451917732,0.492664551942902,2.293573
10,2,3,10,0,2,1,0.570316842690384,0.695081878872018,0.607003891050584,0.504099231975338,1.95538
10,2,3,10,0,2,2,0.520844913841023,0.673989939990313,0.575875486381323,0.49412780943205,1.95538
10,2,3,10,0,3,1,0.51195108393552,0.653471890412441,0.549193996664814,0.459688403833024,1.9916092
10,2,3,10,0,3,2,0.56698165647582,0.663136970083503,0.599777654252362,0.474748091188955,1.9916092
10,2,3,10,0,4,1,0.563090605892162,0.64733647901295,0.597554196775987,0.487597399443531,1.9913372
10,2,3,10,0,4,2,0.597554196775987,0.6641947036534,0.62201222901612,0.502856781207478,1.9913372
10,2,3,10,2,1,1,0.508615897720956,0.629033626494884,0.546970539188438,0.450075750979539,1.9814793
10,2,3,10,2,1,2,0.508615897720956,0.629033626494884,0.546970539188438,0.450075750979539,1.9814793
10,2,3,10,2,2,1,0.50639244024458,0.654011822855725,0.550861589772096,0.452942563584302,1.9854072
10,2,3,10,2,2,2,0.55141745414119,0.669764881182619,0.605892162312396,0.491576489735815,1.9854072
10,2,3,10,2,3,1,0.553085047248471,0.651096961205698,0.584213451917732,0.476436622462899,1.8680963
10,2,3,10,2,3,2,0.612562534741523,0.685908039377628,0.642023346303502,0.535399045306088,1.8680963
10,2,3,10,2,4,1,0.562534741523068,0.656305537486583,0.593107281823235,0.494247619047619,1.8874796
10,2,3,10,2,4,2,0.62201222901612,0.671532578841535,0.623123957754308,0.507012491386774,1.8874796
10,2,3,10,4,1,1,0.56420233463035,0.665158922805719,0.60088938299055,0.490188169332231,1.8383021
10,2,3,10,4,1,2,0.562534741523068,0.647033602151212,0.597554196775987,0.477699571292584,1.8383021
10,2,3,10,4,2,1,0.56420233463035,0.678746557819765,0.605336297943302,0.497245687463874,1.6775259
10,2,3,10,4,2,2,0.608115619788771,0.712933910773809,0.676486937187326,0.559874092404753,1.6775259
10,2,3,10,4,3,1,0.534185658699277,0.64482410342148,0.567537520844914,0.451437093648197,1.799822
10,2,3,10,4,3,2,0.534185658699277,0.64482410342148,0.567537520844914,0.451437093648197,1.799822
10,2,3,10,4,4,1,0.559755419677599,0.654892118114225,0.586992773763202,0.492247432793238,1.723328
10,2,3,10,4,4,2,0.583657587548638,0.677916196142117,0.620344635908838,0.515486254049351,1.723328
10,2,3,10,6,1,1,0.515286270150083,0.629267819320333,0.552529182879377,0.442609774180808,1.8143071
10,2,3,10,6,1,2,0.54863813229572,0.65869706790145,0.585881045025014,0.474831757479192,1.8143071
10,2,3,10,6,2,1,0.518621456364647,0.694069881010613,0.578098943857699,0.512380276209526,1.6977818
10,2,3,10,6,2,2,0.515286270150083,0.673529859596952,0.555308504724847,0.477997136347927,1.6977818
10,2,3,10,6,3,1,0.570316842690384,0.665808752548848,0.571984435797665,0.471524149423789,1.9664844
10,2,3,10,6,3,2,0.595886603668705,0.677284801882555,0.596442468037799,0.490901005069821,1.9664844
10,2,3,10,6,4,1,0.563090605892162,0.664548500993784,0.598110061145081,0.496178938828935,1.8477868
10,2,3,10,6,4,2,0.562534741523068,0.657373037643896,0.588660366870484,0.4935430480667,1.8477868
10,2,3,10,8,1,1,0.552529182879377,0.659785647085125,0.589216231239578,0.486496271830202,1.8693849
10,2,3,10,8,1,2,0.576431350750417,0.655970772419788,0.58810450250139,0.474253791573968,1.8693849
10,2,3,10,8,2,1,0.540856031128405,0.658705293849081,0.562534741523068,0.458478805518601,1.9708345
10,2,3,10,8,2,2,0.571984435797665,0.673665165360175,0.571984435797665,0.478064397319848,1.9708345
10,2,3,10,8,3,1,0.50639244024458,0.647910234093662,0.571428571428571,0.468188033747001,1.7000404
10,2,3,10,8,3,2,0.584213451917732,0.690714686455284,0.624235686492496,0.520140655032834,1.7000404
10,2,3,10,8,4,1,0.528627015008338,0.67609313477473,0.602556976097832,0.506388487331188,1.8556562
10,2,3,10,8,4,2,0.617009449694275,0.716086086061106,0.65591995553085,0.565834715703146,1.8556562
10,2,3,10,10,1,1,0.530850472484714,0.660430304102442,0.595330739299611,0.481216810245558,1.7704484
10,2,3,10,10,1,2,0.554196775986659,0.674124072739998,0.618677042801556,0.493681727741102,1.7704484
10,2,3,10,10,2,1,0.519733185102835,0.643018950603835,0.546414674819344,0.455303217972918,1.6624491
10,2,3,10,10,2,2,0.543635352973874,0.646609860937052,0.568649249583102,0.466272920862527,1.6624491
10,2,3,10,10,3,1,0.539188438021123,0.652881941156895,0.574207893274041,0.464606929282047,1.6417622
10,2,3,10,10,3,2,0.550305725403002,0.664493850473971,0.573652028904947,0.479473784395423,1.6417622
10,2,3,10,10,4,1,0.563090605892162,0.670549225338219,0.599777654252362,0.499815154585536,1.8231848
10,2,3,10,10,4,2,0.585881045025014,0.685989293936843,0.622568093385214,0.517810976828839,1.8231848
10,2,3,15,0,1,1,0.513618677042802,0.600596381775221,0.549193996664814,0.426434269365191,1.8132702
10,2,3,15,0,1,2,0.514174541411895,0.599977596358304,0.54863813229572,0.430043756809455,1.8132702
10,2,3,15,0,2,1,0.515286270150083,0.664213165498313,0.584213451917732,0.488518722927433,1.6735385
10,2,3,15,0,2,2,0.54863813229572,0.662552391860212,0.573096164535853,0.500931862105078,1.6735385
10,2,3,15,0,3,1,0.569205113952196,0.668655675583625,0.60644802668149,0.494158934998722,1.5461576
10,2,3,15,0,3,2,0.569205113952196,0.668655675583625,0.60644802668149,0.494158934998722,1.5461576
10,2,3,15,0,4,1,0.557531962201223,0.652253649233894,0.58254585881045,0.489848604483504,1.7950949
10,2,3,15,0,4,2,0.531962201222902,0.631632507408664,0.566425792106726,0.46388599958394,1.7950949
10,2,3,15,2,1,1,0.503057254030017,0.620395534910027,0.542523624235686,0.441389581601552,1.773967
10,2,3,15,2,1,2,0.503057254030017,0.620395534910027,0.542523624235686,0.441389581601552,1.773967
10,2,3,15,2,2,1,0.508060033351862,0.644760439535833,0.54585881045025,0.456641467551777,1.7524203
10,2,3,15,2,2,2,0.546414674819344,0.657131840861765,0.603112840466926,0.483273823744003,1.7524203
10,2,3,15,2,3,1,0.50639244024458,0.625231890292313,0.545302946081156,0.442540126964766,1.6499638
10,2,3,15,2,3,2,0.509727626459144,0.642247772950345,0.571984435797665,0.489100577431247,1.6499638
10,2,3,15,2,4,1,0.549749861033908,0.625166921807289,0.586436909394108,0.445191728255134,1.7107751
10,2,3,15,2,4,2,0.58254585881045,0.649236467457935,0.616453585325181,0.49522930239177,1.7107751
10,2,3,15,4,1,1,0.555308504724847,0.620440260402569,0.581989994441356,0.45900718117604,1.7499025
10,2,3,15,4,1,2,0.559199555308505,0.618846370440874,0.589772095608671,0.46528473400522,1.7499025
10,2,3,15,4,2,1,0.563090605892162,0.673995663290939,0.598110061145081,0.501056864108619,1.968635
10,2,3,15,4,2,2,0.632017787659811,0.724233425842781,0.668148971650917,0.579479419304464,1.968635
10,2,3,15,4,3,1,0.575319622012229,0.67488388212727,0.615341856586993,0.505092389516394,2.2156483
10,2,3,15,4,3,2,0.531406336853808,0.646566413071889,0.571428571428571,0.463429051426438,2.2156483
10,2,3,15,4,4,1,0.559755419677599,0.642318377794135,0.594774874930517,0.484004700546904,2.4269096
10,2,3,15,4,4,2,0.583101723179544,0.662068466192783,0.618121178432463,0.503861787912343,2.4269096
10,2,3,15,6,1,1,0.558643690939411,0.635773507715162,0.558643690939411,0.454669772013419,2.7369459
10,2,3,15,6,1,2,0.544191217342968,0.643671889852129,0.579210672595887,0.462039745505307,2.7369459
10,2,3,15,6,2,1,0.56142301278488,0.675239601865989,0.604780433574208,0.493784085904949,2.6729301
10,2,3,15,6,2,2,0.56142301278488,0.675239601865989,0.604780433574208,0.493784085904949,2.6729301
10,2,3,15,6,3,1,0.581989994441356,0.63846185295333,0.584769316286826,0.462492442244688,2.5864776
10,2,3,15,6,3,2,0.581989994441356,0.63846185295333,0.584769316286826,0.462492442244688,2.5864776
10,2,3,15,6,4,1,0.554752640355753,0.645698659935675,0.591439688715953,0.488418219417934,2.5549451
10,2,3,15,6,4,2,0.550861589772096,0.625409870610566,0.556976097832129,0.476236237335603,2.5549451
10,2,3,15,8,1,1,0.56142301278488,0.664186340783907,0.596998332406893,0.494833310278047,2.0642412
10,2,3,15,8,1,2,0.580322401334075,0.637673019229622,0.583657587548638,0.461551278846955,2.0642412
10,2,3,15,8,2,1,0.504168982768205,0.652334780036097,0.564758198999444,0.478184630565519,1.8044965
10,2,3,15,8,2,2,0.607559755419678,0.673427649070992,0.608671484157865,0.512055506147743,1.8044965
10,2,3,15,8,3,1,0.554752640355753,0.651670855073159,0.589216231239578,0.483973065115253,1.6924063
10,2,3,15,8,3,2,0.581434130072262,0.672816535870565,0.615897720956087,0.506302291245147,1.6924063
10,2,3,15,8,4,1,0.555864369093941,0.641271461581259,0.584213451917732,0.473097885555289,1.7712162
10,2,3,15,8,4,2,0.579210672595887,0.661276454538216,0.617565314063369,0.493074637105384,1.7712162
10,2,3,15,10,1,1,0.520289049471929,0.613739226316196,0.552529182879377,0.431113278075735,1.9142885
10,2,3,15,10,1,2,0.497498610339077,0.604608936198245,0.554196775986659,0.426317759904984,1.9142885
10,2,3,15,10,2,1,0.564758198999444,0.65687058454029,0.56698165647582,0.466378941361107,1.492171
10,2,3,15,10,2,2,0.592551417454141,0.697540986558754,0.627570872707059,0.537749196141479,1.492171
10,2,3,15,10,3,1,0.586436909394108,0.692804445243997,0.62201222901612,0.522202796592721,1.900941
10,2,3,15,10,3,2,0.588660366870484,0.6651475758656,0.589216231239578,0.480492725921206,1.900941
10,2,3,15,10,4,1,0.560311284046693,0.656962085977611,0.598110061145081,0.49372885147795,1.8658992
10,2,3,15,10,4,2,0.560311284046693,0.656962085977611,0.598110061145081,0.49372885147795,1.8658992
10,2,4,5,0,1,1,0.568093385214008,0.678031597653248,0.583657587548638,0.494690592029738,2.6221071
10,2,4,5,0,1,2,0.553085047248471,0.690181574143694,0.602001111728738,0.511972289536749,2.6221071
10,2,4,5,0,2,1,0.598665925514175,0.706845677000779,0.608115619788771,0.517597491949555,2.1806723
10,2,4,5,0,2,2,0.574207893274041,0.687969362939486,0.575875486381323,0.488724843636982,2.1806723
10,2,4,5,0,3,1,0.571428571428571,0.672813254774244,0.607559755419678,0.4754935298155,2.277043
10,2,4,5,0,3,2,0.537520844913841,0.669754252471196,0.574763757643135,0.47339110857854,2.277043
10,2,4,5,0,4,1,0.56698165647582,0.658486233569338,0.605336297943302,0.475298958991179,2.4696536
10,2,4,5,0,4,2,0.591439688715953,0.722151869496379,0.65869927737632,0.57305918551026,2.4696536
10,2,4,5,2,1,1,0.570316842690384,0.693731217261025,0.605892162312396,0.503785649577793,2.5220247
10,2,4,5,2,1,2,0.64035575319622,0.738686761007282,0.675931072818232,0.561833685133087,2.5220247
10,2,4,5,2,2,1,0.568093385214008,0.700938141114588,0.607559755419678,0.508755167107526,2.3634637
10,2,4,5,2,2,2,0.553640911617565,0.69529003431994,0.593107281823235,0.508366657061937,2.3634637
10,2,4,5,2,3,1,0.568649249583102,0.658489927997817,0.573096164535853,0.447323456822452,2.3513016
10,2,4,5,2,3,2,0.568649249583102,0.68069538124398,0.573652028904947,0.48427619331827,2.3513016
10,2,4,5,2,4,1,0.532518065591996,0.649268807416443,0.591439688715953,0.451927967641146,2.1978874
10,2,4,5,2,4,2,0.601445247359644,0.668339093692491,0.602556976097832,0.481160883969606,2.1978874
10,2,4,5,4,1,1,0.568093385214008,0.699855349799109,0.604224569205114,0.513494701602252,2.4230451
10,2,4,5,4,1,2,0.536409116175653,0.700314286504991,0.636464702612562,0.521390515376906,2.4230451
10,2,4,5,4,2,1,0.537520844913841,0.66651801257562,0.575319622012229,0.450961448360319,2.3146196
10,2,4,5,4,2,2,0.537520844913841,0.659162231987814,0.575319622012229,0.447201143594348,2.3146196
10,2,4,5,4,3,1,0.525291828793774,0.655975124914652,0.560867148415787,0.44927735538922,2.5823639
10,2,4,5,4,3,2,0.536964980544747,0.691955566172264,0.607559755419678,0.503488201475316,2.5823639
10,2,4,5,4,4,1,0.583657587548638,0.61744537270096,0.58532518065592,0.40473484307622,2.2786545
10,2,4,5,4,4,2,0.581434130072262,0.657195563953142,0.597554196775987,0.456668256034227,2.2786545
10,2,4,5,6,1,1,0.54307948860478,0.690340476168944,0.577543079488605,0.506434137642835,2.3034127
10,2,4,5,6,1,2,0.544747081712062,0.66597166903481,0.574763757643135,0.468202541300466,2.3034127
10,2,4,5,6,2,1,0.539744302390217,0.659634537506865,0.576431350750417,0.447635461011151,2.9548028
10,2,4,5,6,2,2,0.60644802668149,0.701178116696874,0.608671484157865,0.512972972972973,2.9548028
10,2,4,5,6,3,1,0.518065591995553,0.664891259044321,0.556976097832129,0.468918169830225,2.6572384
10,2,4,5,6,3,2,0.537520844913841,0.663780908582853,0.554752640355753,0.468195990938186,2.6572384
10,2,4,5,6,4,1,0.570316842690384,0.697243424576187,0.605892162312396,0.518665695759215,4.3365857
10,2,4,5,6,4,2,0.534185658699277,0.69157400003547,0.639799888827126,0.51042465748953,4.3365857
10,2,4,5,8,1,1,0.54307948860478,0.650978895998626,0.544191217342968,0.452234423260911,5.7807312
10,2,4,5,8,1,2,0.572540300166759,0.692764718544708,0.627015008337966,0.506913839875798,5.7807312
10,2,4,5,8,2,1,0.598665925514175,0.695561879670238,0.608115619788771,0.49757865149514,2.9025483
10,2,4,5,8,2,2,0.60644802668149,0.73668312901968,0.643690939410784,0.556397563243313,2.9025483
10,2,4,5,8,3,1,0.573096164535853,0.68921391883846,0.609227348526959,0.48727642405566,3.4693703
10,2,4,5,8,3,2,0.600333518621456,0.726017570724716,0.635908838243469,0.548299047079392,3.4693703
10,2,4,5,8,4,1,0.598665925514175,0.658453827554058,0.599777654252362,0.457273748375128,3.6286251
10,2,4,5,8,4,2,0.602556976097832,0.698213518813017,0.638132295719844,0.522679806927132,3.6286251
10,2,4,5,10,1,1,0.540300166759311,0.679103558381712,0.594219010561423,0.500948831718775,3.5432785
10,2,4,5,10,1,2,0.615897720956087,0.716166342981865,0.652584769316287,0.563130896388591,3.5432785
10,2,4,5,10,2,1,0.490272373540856,0.661894535841536,0.56142301278488,0.450883075654638,3.1304812
10,2,4,5,10,2,2,0.539744302390217,0.671737019635139,0.575319622012229,0.463734549823785,3.1304812
10,2,4,5,10,3,1,0.604780433574208,0.6857664166928,0.60644802668149,0.497676210574543,3.212923
10,2,4,5,10,3,2,0.572540300166759,0.677157412435419,0.574207893274041,0.480769710467706,3.212923
10,2,4,5,10,4,1,0.56698165647582,0.687984639815299,0.604780433574208,0.512417886167654,3.4299581
10,2,4,5,10,4,2,0.623123957754308,0.686846395493767,0.62479155086159,0.510029011257478,3.4299581
10,2,4,7,0,1,1,0.615341856586993,0.681811973215751,0.617009449694275,0.507394005165409,3.3942449
10,2,4,7,0,1,2,0.557531962201223,0.690542056981775,0.607003891050584,0.515504681181098,3.3942449
10,2,4,7,0,2,1,0.572540300166759,0.724280954565778,0.607559755419678,0.533387136269732,2.8627039
10,2,4,7,0,2,2,0.575875486381323,0.693501707731846,0.575875486381323,0.487733293458568,2.8627039
10,2,4,7,0,3,1,0.568093385214008,0.697139431752255,0.607559755419678,0.504507245322452,2.7792199
10,2,4,7,0,3,2,0.570872707059477,0.670699094978437,0.574763757643135,0.467166037294594,2.7792199
10,2,4,7,0,4,1,0.564758198999444,0.692145013505782,0.602001111728738,0.516752739639753,2.932458
10,2,4,7,0,4,2,0.625347415230684,0.689796482032186,0.639244024458032,0.515143501808154,2.932458
10,2,4,7,2,1,1,0.508615897720956,0.673795112683768,0.580322401334075,0.496926260741152,3.4329646
10,2,4,7,2,1,2,0.634241245136187,0.73939977844754,0.670372429127293,0.589451370451823,3.4329646
10,2,4,7,2,2,1,0.570872707059477,0.65895547870719,0.574763757643135,0.447430583121303,3.3567966
10,2,4,7,2,2,2,0.568093385214008,0.701640387767266,0.607003891050584,0.510033855226043,3.3567966
10,2,4,7,2,3,1,0.602001111728738,0.719307603850769,0.640911617565314,0.546427814656954,2.9737143
10,2,4,7,2,3,2,0.600333518621456,0.678639369108631,0.604780433574208,0.498290904241505,2.9737143
10,2,4,7,2,4,1,0.566425792106726,0.679970778460503,0.593663146192329,0.508130374337058,3.2835947
10,2,4,7,2,4,2,0.637020566981656,0.688914721998254,0.640911617565314,0.524946833530982,3.2835947
10,2,4,7,4,1,1,0.531406336853808,0.694258888743832,0.58810450250139,0.514285321690261,3.5112237
10,2,4,7,4,1,2,0.564758198999444,0.697331654373229,0.604780433574208,0.519428070955903,3.5112237
10,2,4,7,4,2,1,0.569205113952196,0.705338843191521,0.607003891050584,0.510595715014794,2.2399253
10,2,4,7,4,2,2,0.568093385214008,0.714333992761819,0.607003891050584,0.524994083733182,2.2399253
10,2,4,7,4,3,1,0.570872707059477,0.665409794073008,0.573652028904947,0.470827693945646,2.081
10,2,4,7,4,3,2,0.566425792106726,0.703552449352278,0.605892162312396,0.520948485518461,2.081
10,2,4,7,4,4,1,0.623123957754308,0.687341694680595,0.62479155086159,0.503186973671639,2.4237293
10,2,4,7,4,4,2,0.623123957754308,0.688892791771698,0.62479155086159,0.504336779992078,2.4237293
10,2,4,7,6,1,1,0.56142301278488,0.67241438808766,0.596998332406893,0.476594519759297,2.592091
10,2,4,7,6,1,2,0.526959421901056,0.649586618538494,0.569205113952196,0.453032842225032,2.592091
10,2,4,7,6,2,1,0.568649249583102,0.668930128696854,0.573652028904947,0.476047488766423,2.4785568
10,2,4,7,6,2,2,0.588660366870484,0.69723470951114,0.625903279599778,0.521584877324598,2.4785568
10,2,4,7,6,3,1,0.515842134519177,0.649928164200882,0.555864369093941,0.453771700099895,2.3270283
10,2,4,7,6,3,2,0.568093385214008,0.686922760126007,0.607003891050584,0.498716982152698,2.3270283
10,2,4,7,6,4,1,0.566425792106726,0.684635152080568,0.603112840466926,0.497522900398511,2.1285675
10,2,4,7,6,4,2,0.566425792106726,0.697220732479564,0.60366870483602,0.516527962488175,2.1285675
10,2,4,7,8,1,1,0.557531962201223,0.681479819008538,0.605892162312396,0.495552816549519,2.3998195
10,2,4,7,8,1,2,0.557531962201223,0.681479819008538,0.605892162312396,0.495552816549519,2.3998195
10,2,4,7,8,2,1,0.598665925514175,0.69236138276007,0.607559755419678,0.498002518120257,2.3469335
10,2,4,7,8,2,2,0.573652028904947,0.669897385158456,0.576431350750417,0.469830943011323,2.3469335
10,2,4,7,8,3,1,0.601445247359644,0.720203383329208,0.63757643135075,0.545053970541368,2.4887838
10,2,4,7,8,3,2,0.568093385214008,0.681795847541055,0.604224569205114,0.493023127296842,2.4887838
10,2,4,7,8,4,1,0.599221789883268,0.672506839123752,0.604780433574208,0.49699797747336,2.2064855
10,2,4,7,8,4,2,0.568649249583102,0.650664169540677,0.60366870483602,0.456407941371395,2.2064855
10,2,4,7,10,1,1,0.559755419677599,0.649318692873396,0.595886603668705,0.44809040367416,2.6723874
10,2,4,7,10,1,2,0.535853251806559,0.661834789331667,0.580878265703168,0.472994698590277,2.6723874
10,2,4,7,10,2,1,0.570872707059477,0.684484683730446,0.575875486381323,0.485419803618009,2.3096781
10,2,4,7,10,2,2,0.535853251806559,0.67095404572894,0.575875486381323,0.466067762850349,2.3096781
10,2,4,7,10,3,1,0.567537520844914,0.658924310851105,0.573096164535853,0.462184525127297,2.4540657
10,2,4,7,10,3,2,0.535853251806559,0.656194923947722,0.573096164535853,0.456744561877633,2.4540657
10,2,4,7,10,4,1,0.565314063368538,0.684080184297605,0.590883824346859,0.508761345874352,2.220372
10,2,4,7,10,4,2,0.603112840466926,0.694532565930946,0.638688160088938,0.539884789466465,2.220372
10,2,4,10,0,1,1,0.564758198999444,0.650694559395446,0.570316842690384,0.469313665408751,2.293497
10,2,4,10,0,1,2,0.56420233463035,0.63262584123865,0.569205113952196,0.444243581410465,2.293497
10,2,4,10,0,2,1,0.567537520844914,0.687354788014122,0.60644802668149,0.506490975543878,2.1287394
10,2,4,10,0,2,2,0.565869927737632,0.673144654649123,0.602556976097832,0.485194104748103,2.1287394
10,2,4,10,0,3,1,0.559755419677599,0.676826499622838,0.598110061145081,0.502292349736216,2.5118473
10,2,4,10,0,3,2,0.583657587548638,0.691834448907013,0.62201222901612,0.518700141589253,2.5118473
10,2,4,10,0,4,1,0.562534741523068,0.67345774413714,0.591439688715953,0.502332526008697,2.1164313
10,2,4,10,0,4,2,0.619788771539744,0.684934011619223,0.621456364647026,0.511313426955225,2.1164313
10,2,4,10,2,1,1,0.514730405780989,0.672203329506734,0.578098943857699,0.4932742992515,2.4439222
10,2,4,10,2,1,2,0.561978877153974,0.690929577221261,0.60366870483602,0.513492129591072,2.4439222
10,2,4,10,2,2,1,0.598110061145081,0.701648922435962,0.634797109505281,0.530842626844483,2.0607542
10,2,4,10,2,2,2,0.60088938299055,0.684738477103041,0.605336297943302,0.501094309590131,2.0607542
10,2,4,10,2,3,1,0.557531962201223,0.67669208744117,0.595330739299611,0.50311814277246,2.2843345
10,2,4,10,2,3,2,0.591439688715953,0.660935250761319,0.597554196775987,0.485520957157226,2.2843345
10,2,4,10,2,4,1,0.563646470261256,0.677270672347015,0.588660366870484,0.503862516985149,2.1249988
10,2,4,10,2,4,2,0.597554196775987,0.675760495269278,0.602001111728738,0.495074605497027,2.1249988
10,2,4,10,4,1,1,0.521956642579211,0.66347820997795,0.577543079488605,0.488861390277755,2.5585524
10,2,4,10,4,1,2,0.563646470261256,0.680249020087884,0.595330739299611,0.505823650128004,2.5585524
10,2,4,10,4,2,1,0.559199555308505,0.690294569729996,0.60644802668149,0.501998261797463,2.0388017
10,2,4,10,4,2,2,0.602001111728738,0.7163083236957,0.641467481934408,0.544117953165655,2.0388017
10,2,4,10,4,3,1,0.514730405780989,0.660209438403437,0.552529182879377,0.469377481962078,2.1750171
10,2,4,10,4,3,2,0.56698165647582,0.671069185619872,0.571984435797665,0.478458162605898,2.1750171
10,2,4,10,4,4,1,0.586992773763202,0.688657700547666,0.622568093385214,0.520977075450701,2.5267784
10,2,4,10,4,4,2,0.61923290717065,0.676922202956447,0.620344635908838,0.50686372816247,2.5267784
10,2,4,10,6,1,1,0.543635352973874,0.668433828386664,0.602556976097832,0.48903075374748,2.4159821
10,2,4,10,6,1,2,0.568649249583102,0.659462320527148,0.572540300166759,0.473486770180566,2.4159821
10,2,4,10,6,2,1,0.562534741523068,0.676795804762737,0.604224569205114,0.49706682432266,2.0342182
10,2,4,10,6,2,2,0.592551417454141,0.671548012997552,0.594774874930517,0.485123914289962,2.0342182
10,2,4,10,6,3,1,0.513062812673708,0.650428885713718,0.550305725403002,0.461498720638389,2.0065811
10,2,4,10,6,3,2,0.513062812673708,0.650428885713718,0.550305725403002,0.461498720638389,2.0065811
10,2,4,10,6,4,1,0.561978877153974,0.670997613050783,0.586992773763202,0.500224108612272,2.0924302
10,2,4,10,6,4,2,0.558087826570317,0.672025322744824,0.595886603668705,0.498402577744064,2.0924302
10,2,4,10,8,1,1,0.558087826570317,0.682751691193081,0.605336297943302,0.495662021895347,2.0648125
10,2,4,10,8,1,2,0.535297387437465,0.653537011206261,0.573652028904947,0.456746057498864,2.0648125
10,2,4,10,8,2,1,0.567537520844914,0.672557475225421,0.572540300166759,0.480065203618943,2.1320295
10,2,4,10,8,2,2,0.571984435797665,0.676009991324366,0.607559755419678,0.490022058494585,2.1320295
10,2,4,10,8,3,1,0.523068371317399,0.683493847096937,0.592551417454141,0.496631806660113,2.2420362
10,2,4,10,8,3,2,0.536964980544747,0.668643002989665,0.575319622012229,0.475098066685346,2.2420362
10,2,4,10,8,4,1,0.599221789883268,0.64535825827682,0.60088938299055,0.449751175223378,2.2209768
10,2,4,10,8,4,2,0.598110061145081,0.655304706865878,0.602556976097832,0.474458892076864,2.2209768
10,2,4,10,10,1,1,0.545302946081156,0.65856227535267,0.595886603668705,0.474105484288229,2.3972438
10,2,4,10,10,1,2,0.485825458588104,0.647213180868842,0.549193996664814,0.448847938628256,2.3972438
10,2,4,10,10,2,1,0.516953863257365,0.677185912347769,0.58810450250139,0.497494204510432,1.9134684
10,2,4,10,10,2,2,0.607003891050584,0.692214958751097,0.64313507504169,0.530640057751601,1.9134684
10,2,4,10,10,3,1,0.569205113952196,0.661773953712866,0.56976097832129,0.471650428149449,2.0173741
10,2,4,10,10,3,2,0.565314063368538,0.680794340753058,0.602556976097832,0.506233524201454,2.0173741
10,2,4,10,10,4,1,0.563090605892162,0.6859552515163,0.602556976097832,0.509425536884626,2.0984145
10,2,4,10,10,4,2,0.621456364647026,0.698527235940279,0.657587548638132,0.54688009123493,2.0984145
10,2,4,15,0,1,1,0.51195108393552,0.626215547284323,0.546414674819344,0.439552648125109,2.1631874
10,2,4,15,0,1,2,0.562534741523068,0.660793649794375,0.596998332406893,0.485005150014952,2.1631874
10,2,4,15,0,2,1,0.563090605892162,0.682096202815025,0.602001111728738,0.503139093364039,2.0347657
10,2,4,15,0,2,2,0.565869927737632,0.664140290335509,0.56976097832129,0.471564259120311,2.0347657
10,2,4,15,0,3,1,0.559755419677599,0.650948207240266,0.565869927737632,0.463809239346874,2.049741
10,2,4,15,0,3,2,0.56420233463035,0.662541516861548,0.599221789883268,0.479640581559005,2.049741
10,2,4,15,0,4,1,0.515286270150083,0.63950684681274,0.56698165647582,0.476594663957654,2.0510874
10,2,4,15,0,4,2,0.614230127848805,0.661193458412537,0.616453585325181,0.495059288537549,2.0510874
10,2,4,15,2,1,1,0.538632573652029,0.63728035756555,0.575319622012229,0.466186735729344,2.3159625
10,2,4,15,2,1,2,0.50639244024458,0.613552939210585,0.574207893274041,0.430039010072376,2.3159625
10,2,4,15,2,2,1,0.595330739299611,0.70020038389465,0.630350194552529,0.528216380264939,2.0135247
10,2,4,15,2,2,2,0.540856031128405,0.647125198710629,0.56698165647582,0.454247922731525,2.0135247
10,2,4,15,2,3,1,0.565314063368538,0.681174556710679,0.603112840466926,0.498000240773686,2.0976886
10,2,4,15,2,3,2,0.568093385214008,0.665745182166857,0.570872707059477,0.476889685625595,2.0976886
10,2,4,15,2,4,1,0.559199555308505,0.66478606737356,0.584213451917732,0.495708191331267,2.0154065
10,2,4,15,2,4,2,0.612006670372429,0.668870336571911,0.613118399110617,0.497212569420632,2.0154065
10,2,4,15,4,1,1,0.515842134519177,0.667375574360088,0.583657587548638,0.493138577789772,2.2463358
10,2,4,15,4,1,2,0.566425792106726,0.69837692744488,0.637020566981656,0.525022979945385,2.2463358
10,2,4,15,4,2,1,0.540300166759311,0.689053444284366,0.605892162312396,0.502209771538952,2.0372441
10,2,4,15,4,2,2,0.522512506948305,0.657072784393757,0.559199555308505,0.467242905165508,2.0372441
10,2,4,15,4,3,1,0.56420233463035,0.655527402063898,0.568649249583102,0.465034793171972,1.910876
10,2,4,15,4,3,2,0.568093385214008,0.668489847844892,0.604224569205114,0.485015682672813,1.910876
10,2,4,15,4,4,1,0.584769316286826,0.681972810625835,0.620900500277932,0.51602516385241,2.0995758
10,2,4,15,4,4,2,0.593663146192329,0.667061616661019,0.595886603668705,0.487106855414122,2.0995758
10,2,4,15,6,1,1,0.530850472484714,0.641637499639146,0.596442468037799,0.457817801312744,2.2618712
10,2,4,15,6,1,2,0.563646470261256,0.644815145714147,0.56976097832129,0.463843718134493,2.2618712
10,2,4,15,6,2,1,0.56142301278488,0.668225588632272,0.585881045025014,0.493741666893418,1.9143328
10,2,4,15,6,2,2,0.578098943857699,0.680137926250213,0.615341856586993,0.505568077246236,1.9143328
10,2,4,15,6,3,1,0.563646470261256,0.638639423483064,0.56420233463035,0.459110039929494,2.0936231
10,2,4,15,6,3,2,0.563646470261256,0.638639423483064,0.56420233463035,0.459110039929494,2.0936231
10,2,4,15,6,4,1,0.558087826570317,0.660483812531129,0.596442468037799,0.494443689905311,2.0722414
10,2,4,15,6,4,2,0.581989994441356,0.668678372859103,0.617565314063369,0.504717177174681,2.0722414
10,2,4,15,8,1,1,0.560311284046693,0.670870561295456,0.599777654252362,0.494991413852318,2.1251239
10,2,4,15,8,1,2,0.578654808226793,0.663100006703838,0.611450806003335,0.48424500400785,2.1251239
10,2,4,15,8,2,1,0.561978877153974,0.688167988923081,0.60366870483602,0.511132562702343,1.8114137
10,2,4,15,8,2,2,0.561978877153974,0.688167988923081,0.60366870483602,0.511132562702343,1.8114137
10,2,4,15,8,3,1,0.557531962201223,0.671204399025533,0.594219010561423,0.49201754566046,2.1078645
10,2,4,15,8,3,2,0.554752640355753,0.658843681626526,0.589216231239578,0.468852075726006,2.1078645
10,2,4,15,8,4,1,0.617565314063369,0.668556886656966,0.61923290717065,0.484379943322182,2.1185669
10,2,4,15,8,4,2,0.583101723179544,0.628092773631601,0.584769316286826,0.440886115684478,2.1185669
10,2,4,15,10,1,1,0.534185658699277,0.621363584654507,0.558643690939411,0.437189555179399,2.1945862
10,2,4,15,10,1,2,0.483046136742635,0.618764497113377,0.541411895497499,0.435236349710034,2.1945862
10,2,4,15,10,2,1,0.563090605892162,0.689753240817061,0.604224569205114,0.512839716784211,2.0471942
10,2,4,15,10,2,2,0.570316842690384,0.677917978248101,0.60644802668149,0.514535710076197,2.0471942
10,2,4,15,10,3,1,0.563646470261256,0.665363788390601,0.58810450250139,0.493877996236808,1.942852
10,2,4,15,10,3,2,0.586992773763202,0.690228542018133,0.623679822123402,0.518774450406785,1.942852
10,2,4,15,10,4,1,0.56142301278488,0.654782486355298,0.598665925514175,0.492360910925339,2.0839197
10,2,4,15,10,4,2,0.593107281823235,0.660437511869159,0.599777654252362,0.492869047832398,2.0839197
10,2,5,5,0,1,1,0.548082267926626,0.673660011254237,0.587548638132296,0.490349308617371,2.6984735
10,2,5,5,0,1,2,0.571984435797665,0.674599466190515,0.604780433574208,0.493135833160693,2.6984735
10,2,5,5,0,2,1,0.571428571428571,0.65875214554798,0.571984435797665,0.443279796056502,2.9537687
10,2,5,5,0,2,2,0.593107281823235,0.713086647745023,0.642579210672596,0.512588440977285,2.9537687
10,2,5,5,0,3,1,0.568649249583102,0.681627707553027,0.604224569205114,0.484398952630326,2.7104401
10,2,5,5,0,3,2,0.543635352973874,0.690240496054513,0.575875486381323,0.487393714821103,2.7104401
10,2,5,5,0,4,1,0.592551417454141,0.676681717184773,0.60644802668149,0.469307627223379,2.5615534
10,2,5,5,0,4,2,0.591995553085047,0.677662524344368,0.605892162312396,0.472434945438109,2.5615534
10,2,5,5,2,1,1,0.535297387437465,0.684417945231495,0.607003891050584,0.49100213772106,2.8661912
10,2,5,5,2,1,2,0.56698165647582,0.70634008040801,0.607003891050584,0.521318336385038,2.8661912
10,2,5,5,2,2,1,0.568649249583102,0.682089317605513,0.607559755419678,0.47799178560042,2.5200914
10,2,5,5,2,2,2,0.536964980544747,0.673749523077719,0.575875486381323,0.466925517786722,2.5200914
10,2,5,5,2,3,1,0.590327959977765,0.705883299914563,0.625903279599778,0.509820325623043,2.569768
10,2,5,5,2,3,2,0.539188438021123,0.667731438296587,0.575319622012229,0.462655222171789,2.569768
10,2,5,5,2,4,1,0.583101723179544,0.641749971312403,0.592551417454141,0.433822052621008,2.670858
10,2,5,5,2,4,2,0.568093385214008,0.676971837838289,0.60644802668149,0.49229752157176,2.670858
10,2,5,5,4,1,1,0.519177320733741,0.686343704551329,0.589772095608671,0.495901237152521,2.5042028
10,2,5,5,4,1,2,0.605892162312396,0.730831689587063,0.642579210672596,0.553399903911626,2.5042028
10,2,5,5,4,2,1,0.546414674819344,0.695030674317733,0.58254585881045,0.507000318042482,2.7613837
10,2,5,5,4,2,2,0.56142301278488,0.710831711621988,0.600333518621456,0.522301756346241,2.7613837
10,2,5,5,4,3,1,0.571428571428571,0.670063342583968,0.575319622012229,0.465089869336272,2.4059482
10,2,5,5,4,3,2,0.535853251806559,0.658107942337272,0.574763757643135,0.445018125892563,2.4059482
10,2,5,5,4,4,1,0.588660366870484,0.649762770397227,0.604780433574208,0.439069308360818,2.7564861
10,2,5,5,4,4,2,0.567537520844914,0.667430327781794,0.604780433574208,0.465223237527028,2.7564861
10,2,5,5,6,1,1,0.556420233463035,0.715401478373983,0.593107281823235,0.519089657950388,2.8827807
10,2,5,5,6,1,2,0.502501389660923,0.679986097742779,0.574207893274041,0.474775752339421,2.8827807
10,2,5,5,6,2,1,0.574207893274041,0.666863187971912,0.574763757643135,0.453190130318256,2.704325
10,2,5,5,6,2,2,0.573652028904947,0.708967661935966,0.609783212896053,0.5368195301852,2.704325
10,2,5,5,6,3,1,0.568649249583102,0.697729021874616,0.608115619788771,0.505086882146394,2.4257212
10,2,5,5,6,3,2,0.538076709282935,0.687229999072466,0.574207893274041,0.483149809464713,2.4257212
10,2,5,5,6,4,1,0.56420233463035,0.692396442798796,0.590883824346859,0.510958221566981,2.5644766
10,2,5,5,6,4,2,0.563646470261256,0.6851515626248,0.633129516397999,0.492736050440815,2.5644766
10,2,5,5,8,1,1,0.581989994441356,0.670583574357834,0.599221789883268,0.482694156966384,2.5537966
10,2,5,5,8,1,2,0.544191217342968,0.666767081894898,0.595330739299611,0.470096073585492,2.5537966
10,2,5,5,8,2,1,0.555864369093941,0.72613686666527,0.608115619788771,0.533032022309838,2.6933541
10,2,5,5,8,2,2,0.537520844913841,0.716639602811285,0.608671484157865,0.519496901519373,2.6933541
10,2,5,5,8,3,1,0.573652028904947,0.693964875203458,0.609783212896053,0.483811346049968,2.4044739
10,2,5,5,8,3,2,0.567537520844914,0.68392082461172,0.608115619788771,0.489167862750251,2.4044739
10,2,5,5,8,4,1,0.555308504724847,0.674404507531921,0.60644802668149,0.465751666345775,2.3633577
10,2,5,5,8,4,2,0.624235686492496,0.698820183774174,0.64035575319622,0.512326906413203,2.3633577
10,2,5,5,10,1,1,0.559755419677599,0.645714131463739,0.594219010561423,0.43053846460716,2.7973089
10,2,5,5,10,1,2,0.596998332406893,0.693285370886845,0.633129516397999,0.523038739250774,2.7973089
10,2,5,5,10,2,1,0.568093385214008,0.692516229582277,0.607559755419678,0.500274847178346,2.4881179
10,2,5,5,10,2,2,0.535297387437465,0.664126187260589,0.576987215119511,0.47261312510431,2.4881179
10,2,5,5,10,3,1,0.536409116175653,0.676087655699786,0.575319622012229,0.467746915651975,2.6800581
10,2,5,5,10,3,2,0.536409116175653,0.66986541684661,0.575319622012229,0.464824324873647,2.6800581
10,2,5,5,10,4,1,0.557531962201223,0.657886424458944,0.593663146192329,0.451806260751552,2.5524923
10,2,5,5,10,4,2,0.570316842690384,0.689974683685457,0.607003891050584,0.494814212647766,2.5524923
10,2,5,7,0,1,1,0.56976097832129,0.663721697353189,0.60644802668149,0.465860990123305,2.5129872
10,2,5,7,0,1,2,0.603112840466926,0.682778192190287,0.605892162312396,0.501821133546295,2.5129872
10,2,5,7,0,2,1,0.569205113952196,0.653096523347781,0.573652028904947,0.442204427696656,2.4948304
10,2,5,7,0,2,2,0.565869927737632,0.708148620335483,0.60644802668149,0.524156469828414,2.4948304
10,2,5,7,0,3,1,0.537520844913841,0.640581584060213,0.541967759866593,0.428277111723385,2.5362567
10,2,5,7,0,3,2,0.570316842690384,0.669344178527509,0.574207893274041,0.465870882124415,2.5362567
10,2,5,7,0,4,1,0.601445247359644,0.692227636820503,0.605336297943302,0.505922634931417,2.4680566
10,2,5,7,0,4,2,0.601445247359644,0.688117333458262,0.605336297943302,0.505887950936679,2.4680566
10,2,5,7,2,1,1,0.530850472484714,0.674927094382062,0.607003891050584,0.486433032502242,2.7585628
10,2,5,7,2,1,2,0.563646470261256,0.650550090778063,0.605336297943302,0.451355768587458,2.7585628
10,2,5,7,2,2,1,0.539744302390217,0.703331475727017,0.608115619788771,0.51720019926436,2.6230368
10,2,5,7,2,2,2,0.536964980544747,0.667198612788652,0.576431350750417,0.46417046317388,2.6230368
10,2,5,7,2,3,1,0.569205113952196,0.703842162826194,0.607559755419678,0.516085461689587,2.5228319
10,2,5,7,2,3,2,0.596998332406893,0.695516413437433,0.632573652028905,0.510333641156005,2.5228319
10,2,5,7,2,4,1,0.589216231239578,0.694239868824561,0.625347415230684,0.509844338379745,2.6520128
10,2,5,7,2,4,2,0.614785992217899,0.687164700648176,0.630350194552529,0.507113495484507,2.6520128
10,2,5,7,4,1,1,0.535297387437465,0.692375724620965,0.587548638132296,0.510289286135494,2.490759
10,2,5,7,4,1,2,0.570316842690384,0.711737120417162,0.608115619788771,0.526457696721652,2.490759
10,2,5,7,4,2,1,0.566425792106726,0.673678763498493,0.604780433574208,0.473673355873732,2.2570841
10,2,5,7,4,2,2,0.567537520844914,0.710758593284672,0.607003891050584,0.526971650746143,2.2570841
10,2,5,7,4,3,1,0.561978877153974,0.653325122455195,0.565869927737632,0.442789323493715,2.2973683
10,2,5,7,4,3,2,0.536964980544747,0.663968875848916,0.575319622012229,0.462471419981043,2.2973683
10,2,5,7,4,4,1,0.590327959977765,0.710485076011496,0.625903279599778,0.532990153739851,2.6802005
10,2,5,7,4,4,2,0.604224569205114,0.699673411002221,0.640911617565314,0.519774651265838,2.6802005
10,2,5,7,6,1,1,0.555864369093941,0.633702405864224,0.571428571428571,0.430009586200966,2.564206
10,2,5,7,6,1,2,0.558643690939411,0.679340487604053,0.594774874930517,0.486545256863278,2.564206
10,2,5,7,6,2,1,0.556420233463035,0.670249232308418,0.575875486381323,0.464969618231768,2.6599637
10,2,5,7,6,2,2,0.591439688715953,0.696580251405088,0.611450806003335,0.517100753592531,2.6599637
10,2,5,7,6,3,1,0.56698165647582,0.673114717158467,0.60366870483602,0.480324026087927,2.4042571
10,2,5,7,6,3,2,0.56976097832129,0.668526870976198,0.574763757643135,0.475272529198294,2.4042571
10,2,5,7,6,4,1,0.56698165647582,0.703474765667196,0.604780433574208,0.521655204018928,2.286757
10,2,5,7,6,4,2,0.601445247359644,0.685163699055329,0.60644802668149,0.501963330226909,2.286757
10,2,5,7,8,1,1,0.550305725403002,0.660917274345282,0.55141745414119,0.465378814686047,2.5041322
10,2,5,7,8,1,2,0.528071150639244,0.680396227398985,0.599221789883268,0.485094683724821,2.5041322
10,2,5,7,8,2,1,0.607559755419678,0.72290593533865,0.644802668148972,0.541614047343956,2.6132311
10,2,5,7,8,2,2,0.537520844913841,0.677866734232863,0.575319622012229,0.476382522004978,2.6132311
10,2,5,7,8,3,1,0.609227348526959,0.70542310131283,0.609783212896053,0.514374942592082,2.7319206
10,2,5,7,8,3,2,0.538632573652029,0.67678461824792,0.575319622012229,0.480163962520854,2.7319206
10,2,5,7,8,4,1,0.56698165647582,0.706450436248174,0.60644802668149,0.521500188207918,2.3667872
10,2,5,7,8,4,2,0.594219010561423,0.731489973129752,0.67704280155642,0.574884556182658,2.3667872
10,2,5,7,10,1,1,0.55141745414119,0.67400400735811,0.589216231239578,0.484089078943715,2.8181765
10,2,5,7,10,1,2,0.566425792106726,0.678795686547398,0.604224569205114,0.49111105746516,2.8181765
10,2,5,7,10,2,1,0.573096164535853,0.666097413459925,0.574207893274041,0.471290276073296,2.5151738
10,2,5,7,10,2,2,0.538632573652029,0.670682563901582,0.574763757643135,0.476548069428676,2.5151738
10,2,5,7,10,3,1,0.570872707059477,0.668480203674152,0.574763757643135,0.464921395089097,2.4285748
10,2,5,7,10,3,2,0.535297387437465,0.666187238848241,0.574207893274041,0.464233833692829,2.4285748
10,2,5,7,10,4,1,0.56698165647582,0.687771320182655,0.60366870483602,0.501749658112783,2.2139664
10,2,5,7,10,4,2,0.598665925514175,0.698646819282023,0.635908838243469,0.517150577186192,2.2139664
10,2,5,10,0,1,1,0.546414674819344,0.66697454035422,0.586436909394108,0.485284696838377,2.5029397
10,2,5,10,0,1,2,0.60088938299055,0.670537912595684,0.604224569205114,0.492292412712623,2.5029397
10,2,5,10,0,2,1,0.515842134519177,0.661690780664449,0.554752640355753,0.467092734369267,2.3944839
10,2,5,10,0,2,2,0.566425792106726,0.703265210265777,0.607003891050584,0.521818811358303,2.3944839
10,2,5,10,0,3,1,0.522512506948305,0.645454053214641,0.552529182879377,0.447425241996027,2.3920715
10,2,5,10,0,3,2,0.602556976097832,0.702633859102545,0.638688160088938,0.526472464384435,2.3920715
10,2,5,10,0,4,1,0.566425792106726,0.690424814283763,0.598665925514175,0.508534692972733,2.1125795
10,2,5,10,0,4,2,0.598665925514175,0.694328939143562,0.635908838243469,0.512009712994503,2.1125795
10,2,5,10,2,1,1,0.545302946081156,0.658944341662419,0.581434130072262,0.480543155393363,2.5007341
10,2,5,10,2,1,2,0.538076709282935,0.67107977444693,0.607559755419678,0.492660875612708,2.5007341
10,2,5,10,2,2,1,0.529182879377432,0.670795912404397,0.585881045025014,0.484351415854996,2.2722999
10,2,5,10,2,2,2,0.535297387437465,0.662515471989336,0.574763757643135,0.461927156123653,2.2722999
10,2,5,10,2,3,1,0.565869927737632,0.686026428453927,0.605892162312396,0.496888339250808,2.490181
10,2,5,10,2,3,2,0.568649249583102,0.688153374620633,0.604224569205114,0.525262270197335,2.490181
10,2,5,10,2,4,1,0.564758198999444,0.684922191232481,0.601445247359644,0.508070491741703,2.482792
10,2,5,10,2,4,2,0.599221789883268,0.678307212283862,0.604224569205114,0.498084210820713,2.482792
10,2,5,10,4,1,1,0.569205113952196,0.698581455937835,0.607003891050584,0.517573131539228,2.5706333
10,2,5,10,4,1,2,0.569205113952196,0.704795091127398,0.607559755419678,0.52365238047419,2.5706333
10,2,5,10,4,2,1,0.56420233463035,0.696371097122477,0.604780433574208,0.517189039674994,2.445451
10,2,5,10,4,2,2,0.569205113952196,0.66781607152902,0.573652028904947,0.476679552332756,2.445451
10,2,5,10,4,3,1,0.548082267926626,0.685774756893274,0.58810450250139,0.508183741724114,2.3132565
10,2,5,10,4,3,2,0.566425792106726,0.687420511510858,0.605336297943302,0.507684754592442,2.3132565
10,2,5,10,4,4,1,0.566425792106726,0.694579463775472,0.605892162312396,0.514070807049934,2.3407727
10,2,5,10,4,4,2,0.600333518621456,0.688740903072256,0.60644802668149,0.504524918523492,2.3407727
10,2,5,10,6,1,1,0.56698165647582,0.657093986098577,0.568649249583102,0.460745964409674,2.6722969
10,2,5,10,6,1,2,0.563646470261256,0.672521060842337,0.600333518621456,0.48403953869208,2.6722969
10,2,5,10,6,2,1,0.569205113952196,0.661011843407584,0.571984435797665,0.469153318559985,2.4580037
10,2,5,10,6,2,2,0.568649249583102,0.673662179871555,0.572540300166759,0.478822107117913,2.4580037
10,2,5,10,6,3,1,0.566425792106726,0.682893062023598,0.594219010561423,0.50305504487942,2.242454
10,2,5,10,6,3,2,0.568649249583102,0.666592983700684,0.573652028904947,0.47400200680043,2.242454
10,2,5,10,6,4,1,0.56420233463035,0.681873211398427,0.589216231239578,0.503875099045423,2.3169136
10,2,5,10,6,4,2,0.619788771539744,0.687734859092938,0.633685380767093,0.508529961682681,2.3169136
10,2,5,10,8,1,1,0.56420233463035,0.685025184727496,0.605336297943302,0.49660536593593,2.4748499
10,2,5,10,8,1,2,0.521400778210117,0.658544492736575,0.591995553085047,0.468872160907825,2.4748499
10,2,5,10,8,2,1,0.567537520844914,0.698041065357518,0.605336297943302,0.517738597110599,2.3457766
10,2,5,10,8,2,2,0.535853251806559,0.667568096558344,0.571428571428571,0.474291025450005,2.3457766
10,2,5,10,8,3,1,0.570872707059477,0.699962585151311,0.607003891050584,0.51614844396425,2.1237332
10,2,5,10,8,3,2,0.573652028904947,0.690933264796779,0.609227348526959,0.504138186753605,2.1237332
10,2,5,10,8,4,1,0.563090605892162,0.69347790152059,0.603112840466926,0.515419032454424,2.4102855
10,2,5,10,8,4,2,0.553640911617565,0.7021977296852,0.637020566981656,0.53101964682921,2.4102855
10,2,5,10,10,1,1,0.534741523068371,0.648424647877868,0.574763757643135,0.455273202739008,2.4857875
10,2,5,10,10,1,2,0.534741523068371,0.649569956935797,0.574763757643135,0.457267567549019,2.4857875
10,2,5,10,10,2,1,0.570316842690384,0.674448043741283,0.573652028904947,0.480775695808341,2.4221629
10,2,5,10,10,2,2,0.571428571428571,0.679989261674987,0.60644802668149,0.493775819522824,2.4221629
10,2,5,10,10,3,1,0.535297387437465,0.660622556102838,0.574207893274041,0.459394577341641,2.2152803
10,2,5,10,10,3,2,0.536964980544747,0.666773483896769,0.574207893274041,0.472308473211629,2.2152803
10,2,5,10,10,4,1,0.566425792106726,0.684835004461863,0.593663146192329,0.509893303811655,2.2866148
10,2,5,10,10,4,2,0.635352973874375,0.688803645407351,0.639799888827126,0.529028289867219,2.2866148
10,2,5,15,0,1,1,0.534185658699277,0.630080925222871,0.56976097832129,0.431654347129907,2.3983833
10,2,5,15,0,1,2,0.564758198999444,0.647229763866502,0.573096164535853,0.465738137493835,2.3983833
10,2,5,15,0,2,1,0.51195108393552,0.642183270772409,0.545302946081156,0.453137548115533,2.126209
10,2,5,15,0,2,2,0.560867148415787,0.677612346333879,0.600333518621456,0.501478570220871,2.126209
10,2,5,15,0,3,1,0.564758198999444,0.655155250332808,0.565314063368538,0.468195552525715,2.3881261
10,2,5,15,0,3,2,0.593107281823235,0.689523672600627,0.629794330183435,0.518518003759542,2.3881261
10,2,5,15,0,4,1,0.561978877153974,0.677297791205057,0.599221789883268,0.503159590285809,2.287205
10,2,5,15,0,4,2,0.594774874930517,0.666859511584284,0.60088938299055,0.490809998384639,2.287205
10,2,5,15,2,1,1,0.514730405780989,0.635349415888318,0.574207893274041,0.451182815610388,2.5811956
10,2,5,15,2,1,2,0.51195108393552,0.638746850846795,0.577543079488605,0.460043095057494,2.5811956
10,2,5,15,2,2,1,0.511395219566426,0.663596088950009,0.577543079488605,0.488465118451473,2.2067012
10,2,5,15,2,2,2,0.56420233463035,0.669524135727575,0.60088938299055,0.483163515217625,2.2067012
10,2,5,15,2,3,1,0.568649249583102,0.678413296580573,0.605336297943302,0.501725632931999,2.1330809
10,2,5,15,2,3,2,0.568649249583102,0.685271531013248,0.60366870483602,0.524621372509832,2.1330809
10,2,5,15,2,4,1,0.565869927737632,0.67871302480093,0.602001111728738,0.50395007838677,2.0279702
10,2,5,15,2,4,2,0.600333518621456,0.676402122146184,0.634797109505281,0.504361170810543,2.0279702
10,2,5,15,4,1,1,0.563646470261256,0.668938651891015,0.591439688715953,0.495623314384594,2.1544398
10,2,5,15,4,1,2,0.56698165647582,0.686892297603513,0.605892162312396,0.509644214162349,2.1544398
10,2,5,15,4,2,1,0.52751528627015,0.674976160002119,0.58532518065592,0.496087966444411,2.2332665
10,2,5,15,4,2,2,0.540300166759311,0.663767253697173,0.575319622012229,0.469015644469057,2.2332665
10,2,5,15,4,3,1,0.525291828793774,0.638688583471844,0.544747081712062,0.449910511626631,2.0713
10,2,5,15,4,3,2,0.543635352973874,0.644835177328386,0.563090605892162,0.462179491501426,2.0713
10,2,5,15,4,4,1,0.560867148415787,0.676254807135068,0.595330739299611,0.503117172662465,2.2963803
10,2,5,15,4,4,2,0.58532518065592,0.717647189609387,0.654252362423569,0.568626036310211,2.2963803
10,2,5,15,6,1,1,0.56976097832129,0.654456362496824,0.56976097832129,0.467096481013377,2.3785109
10,2,5,15,6,1,2,0.567537520844914,0.656348098353499,0.571984435797665,0.46925172351007,2.3785109
10,2,5,15,6,2,1,0.566425792106726,0.659616288475325,0.56698165647582,0.469845528195629,2.0944397
10,2,5,15,6,2,2,0.562534741523068,0.669153357912844,0.596998332406893,0.481243364193795,2.0944397
10,2,5,15,6,3,1,0.561978877153974,0.669048552875053,0.598665925514175,0.486405284678214,1.9895213
10,2,5,15,6,3,2,0.565869927737632,0.662018280743865,0.570872707059477,0.470922682264704,1.9895213
10,2,5,15,6,4,1,0.550861589772096,0.655459409428457,0.58810450250139,0.46522774252438,2.2572776
10,2,5,15,6,4,2,0.58532518065592,0.700500612435965,0.622568093385214,0.526619341855488,2.2572776
10,2,5,15,8,1,1,0.56420233463035,0.675765843919979,0.60088938299055,0.499357337492074,2.173513
10,2,5,15,8,1,2,0.560867148415787,0.671313168536482,0.596998332406893,0.498324764101199,2.173513
10,2,5,15,8,2,1,0.559755419677599,0.67828893406506,0.596998332406893,0.500968464587282,2.125596
10,2,5,15,8,2,2,0.563646470261256,0.712975396376208,0.632017787659811,0.543992169569326,2.125596
10,2,5,15,8,3,1,0.565869927737632,0.681257394737673,0.603112840466926,0.505221968089504,2.0324257
10,2,5,15,8,3,2,0.593663146192329,0.667494925559478,0.630906058921623,0.494118763043066,2.0324257
10,2,5,15,8,4,1,0.563090605892162,0.680545182800184,0.598110061145081,0.506370775337646,2.2873499
10,2,5,15,8,4,2,0.56142301278488,0.688261613944003,0.631461923290717,0.516567174190087,2.2873499
10,2,5,15,10,1,1,0.519177320733741,0.641067430152486,0.556420233463035,0.456011442160225,2.1895287
10,2,5,15,10,1,2,0.572540300166759,0.674252606894653,0.609227348526959,0.514904854316137,2.1895287
10,2,5,15,10,2,1,0.512506948304614,0.654583492849129,0.55141745414119,0.464914513671187,2.1496085
10,2,5,15,10,2,2,0.566425792106726,0.674850525746776,0.60366870483602,0.488466052492184,2.1496085
10,2,5,15,10,3,1,0.508615897720956,0.647953963024329,0.549749861033908,0.458598460495908,2.0235076
10,2,5,15,10,3,2,0.565314063368538,0.664680499722057,0.598110061145081,0.480086911092582,2.0235076
10,2,5,15,10,4,1,0.561978877153974,0.677608104443795,0.58810450250139,0.504688855439244,2.0907173
10,2,5,15,10,4,2,0.653140633685381,0.707396035576324,0.663702056698166,0.555285189920403,2.0907173
10,3,2,5,0,1,1,0.545302946081156,0.657745935842446,0.579766536964981,0.480289514357486,2.0949819
10,3,2,5,0,1,2,0.515842134519177,0.664497765087004,0.584213451917732,0.48548559599793,2.0949819
10,3,2,5,0,2,1,0.56976097832129,0.66908598672829,0.571428571428571,0.477727175692023,1.648267
10,3,2,5,0,2,2,0.56976097832129,0.66908598672829,0.571428571428571,0.477727175692023,1.648267
10,3,2,5,0,3,1,0.526959421901056,0.645241440852039,0.563090605892162,0.44891597186297,1.6377573
10,3,2,5,0,3,2,0.526959421901056,0.645241440852039,0.563090605892162,0.44891597186297,1.6377573
10,3,2,5,0,4,1,0.619788771539744,0.664337072875102,0.621456364647026,0.488024163337712,1.6793619
10,3,2,5,0,4,2,0.618677042801556,0.668216097097707,0.620344635908838,0.499421473778125,1.6793619
10,3,2,5,2,1,1,0.511395219566426,0.661492088136007,0.572540300166759,0.479334896666307,1.9821741
10,3,2,5,2,1,2,0.566425792106726,0.662269742936146,0.56698165647582,0.468856413166856,1.9821741
10,3,2,5,2,2,1,0.568093385214008,0.687380549118776,0.60366870483602,0.50594048279831,1.7528704
10,3,2,5,2,2,2,0.539188438021123,0.664226416745661,0.571428571428571,0.473610614519207,1.7528704
10,3,2,5,2,3,1,0.55141745414119,0.681269499659371,0.587548638132296,0.496775118245664,2.1026581
10,3,2,5,2,3,2,0.565314063368538,0.688399660824965,0.602001111728738,0.511422662728851,2.1026581
10,3,2,5,2,4,1,0.563646470261256,0.690620606276127,0.603112840466926,0.512443617539837,1.6965241
10,3,2,5,2,4,2,0.563646470261256,0.690620606276127,0.603112840466926,0.512443617539837,1.6965241
10,3,2,5,4,1,1,0.568649249583102,0.669486149833121,0.604224569205114,0.501521402431503,1.6524862
10,3,2,5,4,1,2,0.597554196775987,0.702557077052827,0.633129516397999,0.537878392529737,1.6524862
10,3,2,5,4,2,1,0.553085047248471,0.668463476677603,0.572540300166759,0.475872456519268,1.7513993
10,3,2,5,4,2,2,0.562534741523068,0.688017066737428,0.597554196775987,0.503846181626447,1.7513993
10,3,2,5,4,3,1,0.515842134519177,0.658687041522202,0.552529182879377,0.470326074692542,2.0167263
10,3,2,5,4,3,2,0.536964980544747,0.677761862846836,0.571428571428571,0.487035030178632,2.0167263
10,3,2,5,4,4,1,0.544191217342968,0.6421295804145,0.585881045025014,0.455928858082134,1.8356376
10,3,2,5,4,4,2,0.544191217342968,0.6421295804145,0.585881045025014,0.455928858082134,1.8356376
10,3,2,5,6,1,1,0.508060033351862,0.628606639148912,0.544191217342968,0.443997478104741,2.1775699
10,3,2,5,6,1,2,0.549193996664814,0.674146225411197,0.605892162312396,0.505834540764039,2.1775699
10,3,2,5,6,2,1,0.570316842690384,0.685165918599435,0.607003891050584,0.498954740772398,2.0570635
10,3,2,5,6,2,2,0.583657587548638,0.7255275831813,0.642579210672596,0.555404648557827,2.0570635
10,3,2,5,6,3,1,0.583657587548638,0.687499923695584,0.620344635908838,0.513972829175061,1.8446359
10,3,2,5,6,3,2,0.586992773763202,0.659142621161214,0.58810450250139,0.473889140963817,1.8446359
10,3,2,5,6,4,1,0.560867148415787,0.660375349767911,0.58532518065592,0.489473934324954,1.7583414
10,3,2,5,6,4,2,0.617009449694275,0.675678265866036,0.618121178432463,0.503511970798321,1.7583414
10,3,2,5,8,1,1,0.570872707059477,0.638848489674869,0.581434130072262,0.465782735034476,2.0556305
10,3,2,5,8,1,2,0.583101723179544,0.652406999752957,0.593663146192329,0.480125290563349,2.0556305
10,3,2,5,8,2,1,0.575319622012229,0.666449074796717,0.580322401334075,0.48389990411086,2.0774464
10,3,2,5,8,2,2,0.569205113952196,0.69594857269992,0.605892162312396,0.513437596534458,2.0774464
10,3,2,5,8,3,1,0.482490272373541,0.622793953248966,0.552529182879377,0.426671141546028,2.0370643
10,3,2,5,8,3,2,0.482490272373541,0.622099146037,0.552529182879377,0.426088415184908,2.0370643
10,3,2,5,8,4,1,0.56420233463035,0.678486968223296,0.60088938299055,0.502249739889816,1.9058066
10,3,2,5,8,4,2,0.586992773763202,0.692733977013603,0.623679822123402,0.522194857512998,1.9058066
10,3,2,5,10,1,1,0.498054474708171,0.617538443317696,0.564758198999444,0.435402198623525,1.8413031
10,3,2,5,10,1,2,0.522512506948305,0.66009545537647,0.600333518621456,0.491873753762471,1.8413031
10,3,2,5,10,2,1,0.568093385214008,0.689751448261424,0.605336297943302,0.505946599782984,1.7269204
10,3,2,5,10,2,2,0.568093385214008,0.688346929050609,0.605336297943302,0.504363985856501,1.7269204
10,3,2,5,10,3,1,0.519733185102835,0.665640931141117,0.556976097832129,0.469771423798652,2.2466739
10,3,2,5,10,3,2,0.547526403557532,0.6657081301553,0.580878265703168,0.477321459153965,2.2466739
10,3,2,5,10,4,1,0.58810450250139,0.694997548467102,0.623679822123402,0.522136785613666,1.9704256
10,3,2,5,10,4,2,0.593663146192329,0.688411329460907,0.629238465814341,0.507914236857105,1.9704256
10,3,2,7,0,1,1,0.54307948860478,0.635899138710139,0.577543079488605,0.457262899619426,1.8869248
10,3,2,7,0,1,2,0.510839355197332,0.639100034514424,0.577543079488605,0.469757483855968,1.8869248
10,3,2,7,0,2,1,0.567537520844914,0.648251036385183,0.569205113952196,0.441425869154002,1.9760315
10,3,2,7,0,2,2,0.562534741523068,0.68880902103168,0.600333518621456,0.512552671279197,1.9760315
10,3,2,7,0,3,1,0.556420233463035,0.632815478880591,0.578654808226793,0.440481025737671,1.7674543
10,3,2,7,0,3,2,0.572540300166759,0.669305698260267,0.590327959977765,0.488225877072957,1.7674543
10,3,2,7,0,4,1,0.594219010561423,0.666286607059069,0.596442468037799,0.492333422343401,1.847456
10,3,2,7,0,4,2,0.594219010561423,0.666286607059069,0.596442468037799,0.492333422343401,1.847456
10,3,2,7,2,1,1,0.508615897720956,0.64364381299282,0.579766536964981,0.458685438632328,1.8050865
10,3,2,7,2,1,2,0.520844913841023,0.645310384752425,0.563090605892162,0.460913300719543,1.8050865
10,3,2,7,2,2,1,0.568649249583102,0.687909043366446,0.605892162312396,0.513669390671011,1.7876578
10,3,2,7,2,2,2,0.56698165647582,0.681064241034078,0.602556976097832,0.507422486255937,1.7876578
10,3,2,7,2,3,1,0.536964980544747,0.657135803511117,0.578654808226793,0.480511297146458,1.6879536
10,3,2,7,2,3,2,0.517509727626459,0.617871096873112,0.544747081712062,0.432866969130377,1.6879536
10,3,2,7,2,4,1,0.559755419677599,0.659787702942054,0.594774874930517,0.495172745050949,1.7379745
10,3,2,7,2,4,2,0.564758198999444,0.659527341993569,0.599777654252362,0.494878890369307,1.7379745
10,3,2,7,4,1,1,0.559199555308505,0.664522073231865,0.595886603668705,0.49843636237562,1.638611
10,3,2,7,4,1,2,0.559199555308505,0.664522073231865,0.595886603668705,0.49843636237562,1.638611
10,3,2,7,4,2,1,0.516397998888271,0.665836101203136,0.585881045025014,0.488053174042321,1.5553624
10,3,2,7,4,2,2,0.559199555308505,0.694910502043049,0.632017787659811,0.52354034804719,1.5553624
10,3,2,7,4,3,1,0.54585881045025,0.667929865070332,0.583101723179544,0.494616467632968,1.9558972
10,3,2,7,4,3,2,0.539744302390217,0.662663575159323,0.575875486381323,0.487657567598633,1.9558972
10,3,2,7,4,4,1,0.560867148415787,0.644497656905895,0.58532518065592,0.483581311437175,2.0979279
10,3,2,7,4,4,2,0.560867148415787,0.644497656905895,0.58532518065592,0.483581311437175,2.0979279
10,3,2,7,6,1,1,0.506948304613674,0.623579643137593,0.54585881045025,0.440598613304043,1.9346117
10,3,2,7,6,1,2,0.506948304613674,0.635664841239093,0.544747081712062,0.452284965182825,1.9346117
10,3,2,7,6,2,1,0.56698165647582,0.682250129984951,0.604224569205114,0.499439900666721,1.7726612
10,3,2,7,6,2,2,0.602001111728738,0.716099194927777,0.639244024458032,0.547627582038361,1.7726612
10,3,2,7,6,3,1,0.560311284046693,0.660041912980857,0.594774874930517,0.488854643273578,1.6526183
10,3,2,7,6,3,2,0.565869927737632,0.64389783270225,0.567537520844914,0.458094790182218,1.6526183
10,3,2,7,6,4,1,0.562534741523068,0.668850387321553,0.591995553085047,0.498923054831894,1.7219641
10,3,2,7,6,4,2,0.58810450250139,0.68594629757877,0.623679822123402,0.518414581721262,1.7219641
10,3,2,7,8,1,1,0.559199555308505,0.666118467109614,0.595886603668705,0.491162552026912,1.812928
10,3,2,7,8,1,2,0.546970539188438,0.640096366054387,0.591995553085047,0.466295132907758,1.812928
10,3,2,7,8,2,1,0.542523624235686,0.667806021521093,0.586436909394108,0.483444682206505,1.7870511
10,3,2,7,8,2,2,0.514174541411895,0.647755829056919,0.549193996664814,0.453420507642015,1.7870511
10,3,2,7,8,3,1,0.517509727626459,0.642245401965467,0.552529182879377,0.457189037146915,1.9367371
10,3,2,7,8,3,2,0.569205113952196,0.653412000627711,0.571428571428571,0.46578280228091,1.9367371
10,3,2,7,8,4,1,0.560867148415787,0.654924298314959,0.588660366870484,0.489579656253748,1.5728089
10,3,2,7,8,4,2,0.586436909394108,0.676481843598198,0.623123957754308,0.512278228175303,1.5728089
10,3,2,7,10,1,1,0.494163424124514,0.622343403153188,0.563646470261256,0.442585551330799,1.9441799
10,3,2,7,10,1,2,0.49360755975542,0.630794532984982,0.54585881045025,0.445280721658043,1.9441799
10,3,2,7,10,2,1,0.590883824346859,0.677398039772273,0.602001111728738,0.497656197086199,1.8256313
10,3,2,7,10,2,2,0.589772095608671,0.675860187593271,0.602001111728738,0.496411768686405,1.8256313
10,3,2,7,10,3,1,0.52473596442468,0.648675873676875,0.551973318510284,0.458254856308858,1.7536425
10,3,2,7,10,3,2,0.544191217342968,0.663463534260438,0.579210672595887,0.481488992699096,1.7536425
10,3,2,7,10,4,1,0.560867148415787,0.661879672236901,0.595330739299611,0.497610445321367,1.6666557
10,3,2,7,10,4,2,0.583101723179544,0.67620068024568,0.617565314063369,0.512803082589681,1.6666557
10,3,2,10,0,1,1,0.540856031128405,0.612180447577089,0.575319622012229,0.439348306791861,1.814023
10,3,2,10,0,1,2,0.540856031128405,0.612180447577089,0.575319622012229,0.439348306791861,1.814023
10,3,2,10,0,2,1,0.558087826570317,0.67444604351669,0.593663146192329,0.497500698562514,1.4893271
10,3,2,10,0,2,2,0.565314063368538,0.659848487306325,0.567537520844914,0.467328810389685,1.4893271
10,3,2,10,0,3,1,0.534185658699277,0.630360880776186,0.583101723179544,0.450850989927058,1.7665255
10,3,2,10,0,3,2,0.556976097832129,0.630971910318995,0.58532518065592,0.44065502240797,1.7665255
10,3,2,10,0,4,1,0.558643690939411,0.647448513756959,0.584769316286826,0.485805788118689,1.5699192
10,3,2,10,0,4,2,0.56142301278488,0.631512969610304,0.576987215119511,0.472893307132123,1.5699192
10,3,2,10,2,1,1,0.50639244024458,0.651868391812276,0.577543079488605,0.478316029996878,1.6763554
10,3,2,10,2,1,2,0.555308504724847,0.663012983982366,0.593107281823235,0.476664657089994,1.6763554
10,3,2,10,2,2,1,0.514730405780989,0.645833003114833,0.55141745414119,0.459703435197302,1.7800152
10,3,2,10,2,2,2,0.591439688715953,0.683454064026051,0.614785992217899,0.51229340968028,1.7800152
10,3,2,10,2,3,1,0.559199555308505,0.663509392725554,0.594219010561423,0.489597009886336,1.5997476
10,3,2,10,2,3,2,0.559755419677599,0.64465565050762,0.560311284046693,0.458857792300043,1.5997476
10,3,2,10,2,4,1,0.559755419677599,0.650188709517612,0.596442468037799,0.49105844160407,1.6938321
10,3,2,10,2,4,2,0.559755419677599,0.639390586116961,0.592551417454141,0.481730217245458,1.6938321
10,3,2,10,4,1,1,0.559755419677599,0.656478179166717,0.596442468037799,0.492803368502969,1.7221688
10,3,2,10,4,1,2,0.559755419677599,0.656478179166717,0.596442468037799,0.492803368502969,1.7221688
10,3,2,10,4,2,1,0.513062812673708,0.654793328599954,0.578654808226793,0.479986121397735,1.5140819
10,3,2,10,4,2,2,0.513618677042802,0.644004304261905,0.568649249583102,0.471243528403029,1.5140819
10,3,2,10,4,3,1,0.50639244024458,0.644315477219114,0.546970539188438,0.455365403206525,1.7929668
10,3,2,10,4,3,2,0.503057254030017,0.644034049258419,0.547526403557532,0.454811487445803,1.7929668
10,3,2,10,4,4,1,0.558087826570317,0.653692009732482,0.595330739299611,0.4909417071599,1.7200961
10,3,2,10,4,4,2,0.558087826570317,0.653692009732482,0.595330739299611,0.4909417071599,1.7200961
10,3,2,10,6,1,1,0.511395219566426,0.614102901973714,0.539744302390217,0.430170635141917,1.8347473
10,3,2,10,6,1,2,0.509727626459144,0.638367859921982,0.571984435797665,0.460553829250288,1.8347473
10,3,2,10,6,2,1,0.565869927737632,0.682814430594557,0.602001111728738,0.503431537232693,1.8299755
10,3,2,10,6,2,2,0.565869927737632,0.682814430594557,0.602001111728738,0.503431537232693,1.8299755
10,3,2,10,6,3,1,0.50917176209005,0.619917872831391,0.543635352973874,0.437574096282337,1.6096829
10,3,2,10,6,3,2,0.50639244024458,0.618968194315726,0.546970539188438,0.460251971063968,1.6096829
10,3,2,10,6,4,1,0.559199555308505,0.650525577156328,0.586436909394108,0.48715388916906,1.6995133
10,3,2,10,6,4,2,0.58532518065592,0.667527102077634,0.614785992217899,0.505570308179061,1.6995133
10,3,2,10,8,1,1,0.566425792106726,0.662135603155342,0.599221789883268,0.495422721084655,1.9776884
10,3,2,10,8,1,2,0.535297387437465,0.671492273793764,0.603112840466926,0.506501129471194,1.9776884
10,3,2,10,8,2,1,0.515286270150083,0.66316716411885,0.580878265703168,0.486740348160142,1.6917805
10,3,2,10,8,2,2,0.514174541411895,0.652770009903021,0.576431350750417,0.469290071453624,1.6917805
10,3,2,10,8,3,1,0.518065591995553,0.645884243542713,0.58810450250139,0.473600073680333,1.6129459
10,3,2,10,8,3,2,0.579210672595887,0.668198394996303,0.615341856586993,0.495921994819969,1.6129459
10,3,2,10,8,4,1,0.556420233463035,0.643832605864015,0.584769316286826,0.481392178755643,1.7493247
10,3,2,10,8,4,2,0.581434130072262,0.667500983607848,0.620344635908838,0.505680654533589,1.7493247
10,3,2,10,10,1,1,0.531406336853808,0.642610064248311,0.58532518065592,0.468814608908981,1.9531351
10,3,2,10,10,1,2,0.475819899944414,0.607244056279421,0.532518065591996,0.422299078498407,1.9531351
10,3,2,10,10,2,1,0.56420233463035,0.654462266808284,0.568649249583102,0.464316447403368,1.8209192
10,3,2,10,10,2,2,0.563090605892162,0.65791633788016,0.569205113952196,0.467792835918275,1.8209192
10,3,2,10,10,3,1,0.544747081712062,0.645793852903585,0.578098943857699,0.467904600243472,1.7802675
10,3,2,10,10,3,2,0.549193996664814,0.652691467596026,0.586436909394108,0.484021906736853,1.7802675
10,3,2,10,10,4,1,0.558643690939411,0.646736697039779,0.593663146192329,0.485315445975344,1.7293502
10,3,2,10,10,4,2,0.581989994441356,0.66142773535776,0.617009449694275,0.501348234753102,1.7293502
10,3,2,15,0,1,1,0.535853251806559,0.593716202065031,0.56976097832129,0.428424509836446,1.7213927
10,3,2,15,0,1,2,0.54585881045025,0.613363930123582,0.569205113952196,0.454170124922854,1.7213927
10,3,2,15,0,2,1,0.555308504724847,0.665993558660627,0.591439688715953,0.492569177867221,1.7453144
10,3,2,15,0,2,2,0.555308504724847,0.665993558660627,0.591439688715953,0.492569177867221,1.7453144
10,3,2,15,0,3,1,0.51195108393552,0.62480889114779,0.565314063368538,0.464345833955874,1.8259876
10,3,2,15,0,3,2,0.58532518065592,0.662705800139764,0.618121178432463,0.500837112083635,1.8259876
10,3,2,15,0,4,1,0.555308504724847,0.639325102595044,0.58532518065592,0.481075818003527,1.6229063
10,3,2,15,0,4,2,0.578654808226793,0.640340081543577,0.593663146192329,0.48778838957124,1.6229063
10,3,2,15,2,1,1,0.498610339077265,0.627296260507333,0.571984435797665,0.463321778508025,1.6997188
10,3,2,15,2,1,2,0.491384102279044,0.591948087444219,0.520289049471929,0.419583290567587,1.6997188
10,3,2,15,2,2,1,0.558643690939411,0.652828467835194,0.583101723179544,0.487003737733952,1.792176
10,3,2,15,2,2,2,0.577543079488605,0.667616498021762,0.594774874930517,0.501180937320005,1.792176
10,3,2,15,2,3,1,0.50639244024458,0.626990818316526,0.573652028904947,0.464893403729199,1.551107
10,3,2,15,2,3,2,0.518621456364647,0.610348730815433,0.554752640355753,0.439989207811884,1.551107
10,3,2,15,2,4,1,0.555308504724847,0.63757075428298,0.591439688715953,0.479575126313327,1.7991586
10,3,2,15,2,4,2,0.55141745414119,0.623039807090603,0.585881045025014,0.470645287337073,1.7991586
10,3,2,15,4,1,1,0.544191217342968,0.621068997077505,0.579766536964981,0.465804549312861,1.7032365
10,3,2,15,4,1,2,0.544191217342968,0.621068997077505,0.579766536964981,0.465804549312861,1.7032365
10,3,2,15,4,2,1,0.50917176209005,0.623250608984871,0.547526403557532,0.440231112837444,1.5874934
10,3,2,15,4,2,2,0.516397998888271,0.619352642219991,0.547526403557532,0.436087696658521,1.5874934
10,3,2,15,4,3,1,0.513618677042802,0.642686071323971,0.575875486381323,0.470915621182415,1.8570207
10,3,2,15,4,3,2,0.513618677042802,0.642686071323971,0.575875486381323,0.470915621182415,1.8570207
10,3,2,15,4,4,1,0.557531962201223,0.638451373263392,0.593107281823235,0.478007815747901,1.6806546
10,3,2,15,4,4,2,0.557531962201223,0.638451373263392,0.593107281823235,0.478007815747901,1.6806546
10,3,2,15,6,1,1,0.491939966648138,0.613597634577997,0.533073929961089,0.430958705460693,1.8734672
10,3,2,15,6,1,2,0.546414674819344,0.636553205453133,0.585881045025014,0.465583992175401,1.8734672
10,3,2,15,6,2,1,0.561978877153974,0.67728962017946,0.597554196775987,0.498311036274218,1.7182544
10,3,2,15,6,2,2,0.591439688715953,0.685846682869939,0.628126737076153,0.520665777225974,1.7182544
10,3,2,15,6,3,1,0.508615897720956,0.635794422311997,0.575319622012229,0.468830169741113,1.7612422
10,3,2,15,6,3,2,0.557531962201223,0.647769781474104,0.592551417454141,0.481121322099367,1.7612422
10,3,2,15,6,4,1,0.556420233463035,0.625018585851611,0.586992773763202,0.470516169218433,1.8095892
10,3,2,15,6,4,2,0.579766536964981,0.644641979085401,0.610339077265147,0.489956080600937,1.8095892
10,3,2,15,8,1,1,0.535297387437465,0.614260724670389,0.560867148415787,0.448155889782329,1.8663963
10,3,2,15,8,1,2,0.56420233463035,0.643857385506097,0.589772095608671,0.481689068975801,1.8663963
10,3,2,15,8,2,1,0.557531962201223,0.659259579018813,0.591439688715953,0.488191298562792,2.0420111
10,3,2,15,8,2,2,0.535297387437465,0.632621227859353,0.569205113952196,0.460047935725619,2.0420111
10,3,2,15,8,3,1,0.560311284046693,0.652960321169383,0.593663146192329,0.48622410892741,1.6506496
10,3,2,15,8,3,2,0.560311284046693,0.652960321169383,0.593663146192329,0.48622410892741,1.6506496
10,3,2,15,8,4,1,0.549749861033908,0.637033283005238,0.58810450250139,0.47778804414149,1.6508591
10,3,2,15,8,4,2,0.520844913841023,0.629175702083253,0.570872707059477,0.475266105029511,1.6508591
10,3,2,15,10,1,1,0.523624235686493,0.603420226993921,0.575319622012229,0.430321313098498,2.0885727
10,3,2,15,10,1,2,0.52473596442468,0.630291488138591,0.587548638132296,0.477074136248028,2.0885727
10,3,2,15,10,2,1,0.505836575875486,0.624850479020132,0.556420233463035,0.455193985270836,1.8895322
10,3,2,15,10,2,2,0.536409116175653,0.657389342325598,0.598110061145081,0.489656950214762,1.8895322
10,3,2,15,10,3,1,0.538632573652029,0.639688944835723,0.573652028904947,0.475179365529688,1.9371946
10,3,2,15,10,3,2,0.54863813229572,0.616260650972668,0.549749861033908,0.441544973544974,1.9371946
10,3,2,15,10,4,1,0.555864369093941,0.621860865663161,0.579766536964981,0.466794829391985,2.0410305
10,3,2,15,10,4,2,0.579210672595887,0.649366304145585,0.608671484157865,0.491655764824775,2.0410305
10,3,3,5,0,1,1,0.528627015008338,0.689438300172435,0.586436909394108,0.508160804020101,2.2899592
10,3,3,5,0,1,2,0.60088938299055,0.727865316527012,0.64035575319622,0.57148543799265,2.2899592
10,3,3,5,0,2,1,0.549749861033908,0.699387686059046,0.588660366870484,0.511147866799165,2.7581185
10,3,3,5,0,2,2,0.557531962201223,0.699902597643334,0.608115619788771,0.523877660525845,2.7581185
10,3,3,5,0,3,1,0.596442468037799,0.709489580761936,0.608671484157865,0.517069653987352,2.6014638
10,3,3,5,0,3,2,0.570872707059477,0.688667023582924,0.575875486381323,0.487247880480821,2.6014638
10,3,3,5,0,4,1,0.590327959977765,0.693416568676789,0.62479155086159,0.518096124752706,2.3306154
10,3,3,5,0,4,2,0.593663146192329,0.687056701102823,0.627570872707059,0.507770462217172,2.3306154
10,3,3,5,2,1,1,0.510283490828238,0.659821078369982,0.576431350750417,0.486177102235837,2.4533726
10,3,3,5,2,1,2,0.587548638132296,0.668262693228855,0.600333518621456,0.484618491233445,2.4533726
10,3,3,5,2,2,1,0.570316842690384,0.669261713856768,0.574207893274041,0.46773851759189,2.8654566
10,3,3,5,2,2,2,0.573096164535853,0.687190032529388,0.609783212896053,0.496051029816612,2.8654566
10,3,3,5,2,3,1,0.534741523068371,0.672183054819487,0.573096164535853,0.469182244735824,2.4028721
10,3,3,5,2,3,2,0.541411895497499,0.692355767147407,0.607559755419678,0.509718704086299,2.4028721
10,3,3,5,2,4,1,0.612006670372429,0.695068101042,0.626459143968872,0.505619687678628,2.337432
10,3,3,5,2,4,2,0.570316842690384,0.676680708128349,0.605336297943302,0.48733700766232,2.337432
10,3,3,5,4,1,1,0.510839355197332,0.676169099164745,0.581434130072262,0.494399752890775,2.2059591
10,3,3,5,4,1,2,0.598110061145081,0.711115689735651,0.634241245136187,0.537849405767792,2.2059591
10,3,3,5,4,2,1,0.525291828793774,0.663410211590023,0.560867148415787,0.450443571608829,2.4650399
10,3,3,5,4,2,2,0.536964980544747,0.715105343455594,0.608115619788771,0.524560628442837,2.4650399
10,3,3,5,4,3,1,0.583657587548638,0.691342722300462,0.607003891050584,0.495920793149094,2.2609941
10,3,3,5,4,3,2,0.568649249583102,0.699487089162017,0.608671484157865,0.514390151242902,2.2609941
10,3,3,5,4,4,1,0.55141745414119,0.651211988907341,0.590327959977765,0.460522805254112,2.8076068
10,3,3,5,4,4,2,0.561978877153974,0.682925901995467,0.631461923290717,0.498584580014997,2.8076068
10,3,3,5,6,1,1,0.573652028904947,0.699331151622641,0.639799888827126,0.519996455979172,2.7982159
10,3,3,5,6,1,2,0.535853251806559,0.691834042105314,0.605336297943302,0.505435641002376,2.7982159
10,3,3,5,6,2,1,0.598665925514175,0.690048099703394,0.605892162312396,0.503692530090192,2.5560673
10,3,3,5,6,2,2,0.533073929961089,0.682551658211669,0.573096164535853,0.488665657571628,2.5560673
10,3,3,5,6,3,1,0.541967759866593,0.613081530788484,0.544747081712062,0.405170100480038,2.7826427
10,3,3,5,6,3,2,0.571984435797665,0.669539646820614,0.575875486381323,0.467398011655811,2.7826427
10,3,3,5,6,4,1,0.604224569205114,0.693899585498454,0.605892162312396,0.507924142464153,2.3655772
10,3,3,5,6,4,2,0.627015008337966,0.694209018398467,0.638688160088938,0.516799863678964,2.3655772
10,3,3,5,8,1,1,0.598110061145081,0.673088176690181,0.607559755419678,0.490089908071522,2.5990169
10,3,3,5,8,1,2,0.539744302390217,0.638607522120627,0.577543079488605,0.454023749321543,2.5990169
10,3,3,5,8,2,1,0.535853251806559,0.649895109180164,0.563090605892162,0.440763889780151,2.5870476
10,3,3,5,8,2,2,0.570872707059477,0.688862893557243,0.575319622012229,0.492327122554349,2.5870476
10,3,3,5,8,3,1,0.599777654252362,0.706831878576757,0.635352973874375,0.5223974970105,2.5134997
10,3,3,5,8,3,2,0.590327959977765,0.713782721761088,0.626459143968872,0.534169802275573,2.5134997
10,3,3,5,8,4,1,0.54585881045025,0.640035019714576,0.589216231239578,0.450769395989629,2.4753753
10,3,3,5,8,4,2,0.626459143968872,0.698943627080271,0.662034463590884,0.543195987437304,2.4753753
10,3,3,5,10,1,1,0.554196775986659,0.663436560630144,0.589772095608671,0.481344846419584,2.3332135
10,3,3,5,10,1,2,0.581434130072262,0.673035586583669,0.617009449694275,0.491239505569305,2.3332135
10,3,3,5,10,2,1,0.568649249583102,0.674101021624751,0.572540300166759,0.478384064490079,2.607633
10,3,3,5,10,2,2,0.568649249583102,0.674101021624751,0.572540300166759,0.478384064490079,2.607633
10,3,3,5,10,3,1,0.553085047248471,0.692889145904584,0.590327959977765,0.50668437481039,2.5232958
10,3,3,5,10,3,2,0.551973318510284,0.669400387960999,0.555308504724847,0.475851766043786,2.5232958
10,3,3,5,10,4,1,0.566425792106726,0.674072885242896,0.595886603668705,0.493499361514897,2.5829865
10,3,3,5,10,4,2,0.595886603668705,0.688225180497237,0.630906058921623,0.509756706559996,2.5829865
10,3,3,7,0,1,1,0.563646470261256,0.667605241667101,0.600333518621456,0.489358094066402,2.2756391
10,3,3,7,0,1,2,0.56420233463035,0.696201298027393,0.603112840466926,0.524124948944256,2.2756391
